insert into nrmn.observable_item_ref (observable_item_id, observable_item_name, obs_item_type_id, aphia_id,
                                      aphia_rel_type_id, common_name, superseded_by, phylum, "class", "order", "family",
                                      genus, species_epithet, report_group, habitat_groups, letter_code,
                                      is_invert_sized, obs_item_attribute, created, updated, mapped_id)
values (48, 'Kyphosus sydneyanus', 1, 273525, 1, 'Silver drummer', null, 'Chordata', 'Actinopterygii', 'Perciformes', 'Kyphosidae', 'Kyphosus', 'sydneyanus', null, null, 'KSY', false, '{"MaxLength": 80.0, "OtherGroups": "Herbivore,REDMAP"}', null, null, 38),
       (55, 'Chromis hypsilepis', 1, 273730, 1, 'One-spot puller', null, 'Chordata', 'Actinopterygii', 'Perciformes', 'Pomacentridae', 'Chromis', 'hypsilepis', null, null, 'CHY', false, '{"MaxLength": 16.0, "OtherGroups": "Planktivore,REDMAP"}', null, null, 45),
       (135, 'Thalassoma amblycephalum', 1, 212216, 1, 'Two-tone wrasse', null, 'Chordata', 'Actinopterygii', 'Perciformes', 'Labridae', 'Thalassoma', 'amblycephalum', null, null, 'TAM', false, '{"MaxLength": 16.0, "OtherGroups": "Benthic lower carnivore"}', null, null, 130),
       (137, 'Pseudanthias squamipinnis', 1, 218278, 1, 'Orange seaperch', null, 'Chordata', 'Actinopterygii', 'Perciformes', 'Serranidae', 'Pseudanthias', 'squamipinnis', null, null, 'PSQ', false, '{"MaxLength": 15.0, "OtherGroups": "Planktivore"}', null, null, 132),
       (150, 'Scarus ghobban', 1, 219127, 1, 'Blue-barred orange parrotfish', null, 'Chordata', 'Actinopterygii', 'Perciformes', 'Scaridae', 'Scarus', 'ghobban', null, null, 'SGH', false, '{"MaxLength": 90.0, "OtherGroups": "Herbivore"}', null, null, 145),
       (158, 'Scorpaena cardinalis', 1, 274702, 1, 'Red rock cod', null, 'Chordata', 'Actinopterygii', 'Scorpaeniformes', 'Scorpaenidae', 'Scorpaena', 'cardinalis', null, null, 'SCA', false, '{"MaxLength": 35.0, "OtherGroups": "Higher carnivore (including piscivore)"}', null, null, 153),
       (162, 'Parupeneus signatus', 1, 277824, 1, 'Blackspot goatfish', 'Parupeneus spilurus', 'Chordata', 'Actinopterygii', 'Perciformes', 'Mullidae', 'Parupeneus', 'signatus', null, null, null, false, '{"MaxLength": 47.0}', null, null, 158),
       (168, 'Pomacentrus coelestis', 1, 277145, 1, 'Neon damsel', null, 'Chordata', 'Actinopterygii', 'Perciformes', 'Pomacentridae', 'Pomacentrus', 'coelestis', null, null, 'PCOE', false, '{"MaxLength": 9.0, "OtherGroups": "Planktivore"}', null, null, 164),
       (186, 'Plagiotremus tapeinosoma', 1, 219335, 1, 'Hit and run blenny', null, 'Chordata', 'Actinopterygii', 'Perciformes', 'Blenniidae', 'Plagiotremus', 'tapeinosoma', null, null, 'PTAP', false, '{"MaxLength": 14.0, "OtherGroups": "Benthic lower carnivore"}', null, null, 182),
       (206, 'Centrostephanus rodgersii', 1, 414212, 1, 'Long-spine urchin', null, 'Echinodermata', 'Echinoidea', 'Diadematoida', 'Diadematidae', 'Centrostephanus', 'rodgersii', null, null, 'CRO', true, '{"MaxLength": 10.0, "OtherGroups": "REDMAP"}', null, null, 203),
       (239, 'Heliocidaris tuberculata', 1, 414224, 1, 'Tuberculate urchin', null, 'Echinodermata', 'Echinoidea', 'Echinoida', 'Echinometridae', 'Heliocidaris', 'tuberculata', null, null, 'HTU', true, '{"MaxLength": 17.0}', null, null, 237),
       (256, 'Aplysia spp.', 1, 828531, 1, 'Sea hare', null, 'Mollusca', 'Gastropoda', 'Anaspidea', 'Aplysiidae', 'Aplysia', null, null, null, 'APLY', true, '{}', null, null, 254),
       (360, 'Chromis flavomaculata', 1, 273727, 1, 'Yellow-tail puller', 'Chromis kennensis', 'Chordata', 'Actinopterygii', 'Perciformes', 'Pomacentridae', 'Chromis', 'flavomaculata', null, null, 'CFLA', false, '{"MaxLength": 16.0, "OtherGroups": "Planktivore"}', null, null, 581),
       (402, 'Anampses caeruleopunctatus', 1, 218920, 1, 'Diamond wrasse', null, 'Chordata', 'Actinopterygii', 'Perciformes', 'Labridae', 'Anampses', 'caeruleopunctatus', null, null, 'ACA', false, '{"MaxLength": 42.0, "OtherGroups": "Benthic lower carnivore"}', null, null, 656),
       (410, 'Tripneustes gratilla', 1, 212453, 1, 'Sea lamington', null, 'Echinodermata', 'Echinoidea', 'Temnopleuroida', 'Toxopneustidae', 'Tripneustes', 'gratilla', null, null, 'TGR', true, '{"MaxLength": 15.0}', null, null, 665),
       (412, 'Carangoides orthogrammus', 1, 218393, 1, 'Thicklip trevally', null, 'Chordata', 'Actinopterygii', 'Perciformes', 'Carangidae', 'Carangoides', 'orthogrammus', null, null, 'COR', false, '{"MaxLength": 75.0, "OtherGroups": "Higher carnivore (including piscivore),Pelagic"}', null, null, 667),
       (459, 'Notolabrus inscriptus', 1, 281790, 1, 'Inscribed wrasse', null, 'Chordata', 'Actinopterygii', 'Perciformes', 'Labridae', 'Notolabrus', 'inscriptus', null, null, 'NIN', false, '{"MaxLength": 50.0, "OtherGroups": "Benthic lower carnivore"}', null, null, 785),
       (463, 'Chaetodon kleinii', 1, 218738, 1, 'Brown butterflyfish', null, 'Chordata', 'Actinopterygii', 'Perciformes', 'Chaetodontidae', 'Chaetodon', 'kleinii', null, null, 'CKL', false, '{"MaxLength": 15.0, "OtherGroups": "Benthic lower carnivore"}', null, null, 899),
       (468, 'Paracaesio xanthura', 1, 218502, 1, 'Southern fusilier', null, 'Chordata', 'Actinopterygii', 'Perciformes', 'Lutjanidae', 'Paracaesio', 'xanthura', null, null, 'PXA', false, '{"MaxLength": 50.0, "OtherGroups": "Planktivore"}', null, null, 905),
       (479, 'Zanclus cornutus', 1, 220083, 1, 'Moorish idol', null, 'Chordata', 'Actinopterygii', 'Perciformes', 'Zanclidae', 'Zanclus', 'cornutus', null, null, 'ZCO', false, '{"MaxLength": 23.0, "OtherGroups": "Benthic lower carnivore"}', null, null, 917),
       (480, 'Pseudolabrus luculentus', 1, 282438, 1, 'Luculentus wrasse', null, 'Chordata', 'Actinopterygii', 'Perciformes', 'Labridae', 'Pseudolabrus', 'luculentus', null, null, 'PLUC', false, '{"MaxLength": 17.0, "OtherGroups": "Benthic lower carnivore"}', null, null, 918),
       (485, 'Labroides dimidiatus', 1, 219014, 1, 'Cleaner wrasse', null, 'Chordata', 'Actinopterygii', 'Perciformes', 'Labridae', 'Labroides', 'dimidiatus', null, null, 'LDI', false, '{"MaxLength": 14.0, "OtherGroups": "Benthic lower carnivore"}', null, null, 923),
       (528, 'Seriola lalandi', 1, 218436, 1, 'Yellow-tail kingfish', null, 'Chordata', 'Actinopterygii', 'Perciformes', 'Carangidae', 'Seriola', 'lalandi', null, null, 'SLA', false, '{"MaxLength": 250.0, "OtherGroups": "Higher carnivore (including piscivore),Pelagic,REDMAP"}', null, null, 968),
       (556, 'Thalassoma lunare', 1, 212209, 1, 'Moon wrasse', null, 'Chordata', 'Actinopterygii', 'Perciformes', 'Labridae', 'Thalassoma', 'lunare', null, null, 'TLU', false, '{"MaxLength": 25.0, "OtherGroups": "Benthic lower carnivore"}', null, null, 1009),
       (557, 'Thalassoma lutescens', 1, 273585, 1, 'Green moon wrasse', null, 'Chordata', 'Actinopterygii', 'Perciformes', 'Labridae', 'Thalassoma', 'lutescens', null, null, 'TLUT', false, '{"MaxLength": 30.0, "OtherGroups": "Benthic lower carnivore"}', null, null, 1010),
       (565, 'Cirripectes spp.', 1, 203854, 1, 'Black blenny', null, 'Chordata', 'Actinopterygii', 'Perciformes', 'Blenniidae', 'Cirripectes', null, null, null, 'CIR', false, '{"MaxLength": 10.99230769, "OtherGroups": "Herbivore"}', null, null, 1019),
       (566, 'Pterois volitans', 1, 159559, 1, 'Red firefish', null, 'Chordata', 'Actinopterygii', 'Scorpaeniformes', 'Scorpaenidae', 'Pterois', 'volitans', null, null, 'PVO', false, '{"MaxLength": 38.0, "OtherGroups": "Higher carnivore (including piscivore)"}', null, null, 1020),
       (577, 'Chaetodon flavirostris', 1, 273337, 1, 'Dusky butterflyfish', null, 'Chordata', 'Actinopterygii', 'Perciformes', 'Chaetodontidae', 'Chaetodon', 'flavirostris', null, null, 'CFL', false, '{"MaxLength": 20.0, "OtherGroups": "Benthic lower carnivore"}', null, null, 1041),
       (580, 'Parma polylepis', 1, 282159, 1, 'Banded parma', null, 'Chordata', 'Actinopterygii', 'Perciformes', 'Pomacentridae', 'Parma', 'polylepis', null, null, 'PPO', false, '{"MaxLength": 21.0, "OtherGroups": "Herbivore"}', null, null, 1044),
       (587, 'Amphichaetodon howensis', 1, 279588, 1, 'Lorde Howe butterflyfish', null, 'Chordata', 'Actinopterygii', 'Perciformes', 'Chaetodontidae', 'Amphichaetodon', 'howensis', null, null, 'AHO', false, '{"MaxLength": 18.0, "OtherGroups": "Benthic lower carnivore"}', null, null, 1052),
       (674, 'Fistularia commersonii', 1, 217966, 1, 'Bluespotted cornetfish', null, 'Chordata', 'Actinopterygii', 'Syngnathiformes', 'Fistulariidae', 'Fistularia', 'commersonii', null, null, 'FCO', false, '{"MaxLength": 160.0, "OtherGroups": "Higher carnivore (including piscivore)"}', null, null, 1205),
       (676, 'Ptereleotris monoptera', 1, 219621, 1, 'Lyre-tail dart-goby', null, 'Chordata', 'Actinopterygii', 'Perciformes', 'Microdesmidae', 'Ptereleotris', 'monoptera', null, null, 'PMON', false, '{"MaxLength": 12.0, "OtherGroups": "Planktivore"}', null, null, 1207),
       (698, 'Blenniidae spp.', 1, 125519, 1, 'Blenny', null, 'Chordata', 'Actinopterygii', 'Perciformes', 'Blenniidae', null, null, 'Blennid spp. ', null, 'BLEN', false, '{"MaxLength": 9.709090909, "OtherGroups": "Herbivore"}', null, null, 1250),
       (714, 'Stegastes gascoynei', 1, 276670, 1, 'Gold-belly gregory', null, 'Chordata', 'Actinopterygii', 'Perciformes', 'Pomacentridae', 'Stegastes', 'gascoynei', null, null, 'SGA', false, '{"MaxLength": 15.0, "OtherGroups": "Herbivore"}', null, null, 1274),
       (728, 'Ophidiaster confertus', 1, 241330, 1, 'Orange long-armed seastar', null, 'Echinodermata', 'Asteroidea', 'Valvatida', 'Ophidiasteridae', 'Ophidiaster', 'confertus', null, null, 'OCO', true, '{"MaxLength": 30.0}', null, null, 1312),
       (787, 'Acanthistius cinctus', 1, 278721, 1, 'Yellow-banded wirrah', null, 'Chordata', 'Actinopterygii', 'Perciformes', 'Serranidae', 'Acanthistius', 'cinctus', null, null, 'ACU', false, '{"MaxLength": 50.0, "OtherGroups": "Higher carnivore (including piscivore)"}', null, null, 1413),
       (807, 'Aplodactylus etheridgii', 1, 279657, 1, 'Notch-head marblefish', null, 'Chordata', 'Actinopterygii', 'Perciformes', 'Aplodactylidae', 'Aplodactylus', 'etheridgii', null, null, 'AET', false, '{"MaxLength": 45.0, "OtherGroups": "Herbivore"}', null, null, 1435),
       (848, 'Carcharhinus galapagensis', 1, 105790, 1, 'Whaler shark', null, 'Chordata', 'Elasmobranchii', 'Carcharhiniformes', 'Carcharhinidae', 'Carcharhinus', 'galapagensis', null, null, 'CGAL', false, '{"MaxLength": 370.0, "OtherGroups": "Higher carnivore (including piscivore)"}', null, null, 1478),
       (864, 'Chaetodon ephippium', 1, 273335, 1, 'Saddled butterflyfish', null, 'Chordata', 'Actinopterygii', 'Perciformes', 'Chaetodontidae', 'Chaetodon', 'ephippium', null, null, 'CEP', false, '{"MaxLength": 30.0}', null, null, 1494),
       (876, 'Chaetodon tricinctus', 1, 273365, 1, 'Three-band butterflyfish', null, 'Chordata', 'Actinopterygii', 'Perciformes', 'Chaetodontidae', 'Chaetodon', 'tricinctus', null, null, 'CTR', false, '{"MaxLength": 15.0, "OtherGroups": "Benthic lower carnivore"}', null, null, 1506),
       (884, 'Cheilodactylus ephippium', 1, 311542, 1, 'Painted morwong', 'Morwong ephippium', 'Chordata', 'Actinopterygii', 'Perciformes', 'Cheilodactylidae', 'Cheilodactylus', 'ephippium', null, null, 'CEPH', false, '{"MaxLength": "55.0", "OtherGroups": "Benthic lower carnivore"}', null, '2023-06-13 05:23:21.763532', 1514),
       (900, 'Chrysiptera notialis', 1, 276835, 1, 'Southern damsel', null, 'Chordata', 'Actinopterygii', 'Perciformes', 'Pomacentridae', 'Chrysiptera', 'notialis', null, null, 'CNO', false, '{"MaxLength": 9.0, "OtherGroups": "Planktivore"}', null, null, 1531),
       (905, 'Cirripectes alboapicalis', 1, 276716, 1, 'Blenny', null, 'Chordata', 'Actinopterygii', 'Perciformes', 'Blenniidae', 'Cirripectes', 'alboapicalis', null, null, 'CALB', false, '{"MaxLength": 12.3, "OtherGroups": "Herbivore"}', null, null, 1536),
       (906, 'Cirripectes chelomatus', 1, 276718, 1, 'Blenny', null, 'Chordata', 'Actinopterygii', 'Perciformes', 'Blenniidae', 'Cirripectes', 'chelomatus', null, null, 'CCHE', false, '{"MaxLength": 12.0, "OtherGroups": "Herbivore"}', null, null, 1537),
       (909, 'Comanthus spp.', 1, 205362, 1, 'Unidentified feather star', null, 'Echinodermata', 'Crinoidea', 'Comatulida', 'Comasteridae', 'Comanthus', null, null, null, 'COM', true, '{}', null, null, 1540),
       (910, 'Comanthus wahlbergi', 1, 213327, 1, 'Feather star', null, 'Echinodermata', 'Crinoidea', 'Comatulida', 'Comasteridae', 'Comanthus', 'wahlbergi', null, null, 'CWA', true, '{"MaxLength": 8.0}', null, null, 1541),
       (912, 'Coriocella nigra', 1, 567311, 1, 'Velutin snail', null, 'Mollusca', 'Gastropoda', 'Neotaenioglossa', 'Lamellariidae', 'Coriocella', 'nigra', null, null, 'CNIG', true, '{"MaxLength": 8.0}', null, null, 1543),
       (914, 'Coris bulbifrons', 1, 273551, 1, 'Double-header', null, 'Chordata', 'Actinopterygii', 'Perciformes', 'Labridae', 'Coris', 'bulbifrons', null, null, 'CBU', false, '{"MaxLength": 60.0, "OtherGroups": "Benthic lower carnivore"}', null, null, 1545),
       (920, 'Cyprinocirrhites polyactis', 1, 218864, 1, 'Lyre-tail hawkfish', null, 'Chordata', 'Actinopterygii', 'Perciformes', 'Cirrhitidae', 'Cyprinocirrhites', 'polyactis', null, null, 'CPO', false, '{"MaxLength": 15.0}', null, null, 1551),
       (962, 'Girella cyanea', 1, 280857, 1, 'Blue drummer', null, 'Chordata', 'Actinopterygii', 'Perciformes', 'Kyphosidae', 'Girella', 'cyanea', null, null, 'GCY', false, '{"MaxLength": 76.0, "OtherGroups": "Herbivore"}', null, null, 1595),
       (973, 'Gymnothorax eurostus', 1, 217496, 1, 'White-speckled moray', null, 'Chordata', 'Actinopterygii', 'Anguilliformes', 'Muraenidae', 'Gymnothorax', 'eurostus', null, null, 'GEU', false, '{"MaxLength": 60.0, "OtherGroups": "Higher carnivore (including piscivore)"}', null, null, 1606),
       (1004, 'Kyphosus bigibbus', 1, 218707, 1, 'Grey drummer', null, 'Chordata', 'Actinopterygii', 'Perciformes', 'Kyphosidae', 'Kyphosus', 'bigibbus', null, null, 'KBI', false, '{"MaxLength": 75.0, "OtherGroups": "Herbivore"}', null, null, 1645),
       (1007, 'Kyphosus pacificus', 1, 273524, 1, 'Pacific drummer', 'Kyphosus sectatrix', 'Chordata', 'Actinopterygii', 'Perciformes', 'Kyphosidae', 'Kyphosus', 'pacificus', null, null, 'KPA', false, '{"MaxLength": 45.0, "OtherGroups": "Herbivore"}', null, null, 1648),
       (1008, 'Kyphosus vaigiensis', 1, 218706, 1, 'Brassy drummer', null, 'Chordata', 'Actinopterygii', 'Perciformes', 'Kyphosidae', 'Kyphosus', 'vaigiensis', null, null, 'KVA', false, '{"MaxLength": 70.0, "OtherGroups": "Herbivore"}', null, null, 1649),
       (1052, 'Neoglyphidodon polyacanthus', 1, 278815, 1, 'Multi-spined damsel', null, 'Chordata', 'Actinopterygii', 'Perciformes', 'Pomacentridae', 'Neoglyphidodon', 'polyacanthus', null, null, 'NPO', false, '{"MaxLength": 12.0, "OtherGroups": "Planktivore"}', null, null, 1693),
       (1084, 'Parupeneus spilurus', 1, 277825, 1, 'Black-spotted goatfish', null, 'Chordata', 'Actinopterygii', 'Perciformes', 'Mullidae', 'Parupeneus', 'spilurus', null, null, 'PSP', false, '{"MaxLength": 36.0, "OtherGroups": "Benthic lower carnivore"}', null, null, 1731),
       (1107, 'Plectroglyphidodon johnstonianus', 1, 212859, 1, 'Johnstons damsel', null, 'Chordata', 'Actinopterygii', 'Perciformes', 'Pomacentridae', 'Plectroglyphidodon', 'johnstonianus', null, null, 'PJO', false, '{"MaxLength": 14.0, "OtherGroups": "Benthic lower carnivore"}', null, null, 1754),
       (1111, 'Pomacanthus imperator', 1, 220001, 1, 'Emperor angelfish', null, 'Chordata', 'Actinopterygii', 'Perciformes', 'Pomacanthidae', 'Pomacanthus', 'imperator', null, null, 'PIM', false, '{"MaxLength": 40.0}', null, null, 1758),
       (1119, 'Prionurus maculatus', 1, 282347, 1, 'Spotted sawtail', null, 'Chordata', 'Actinopterygii', 'Perciformes', 'Acanthuridae', 'Prionurus', 'maculatus', null, null, 'PMAC', false, '{"MaxLength": 45.0, "OtherGroups": "Herbivore"}', null, null, 1766),
       (1164, 'Stegastes fasciolatus', 1, 218850, 1, 'Pacific gregory', null, 'Chordata', 'Actinopterygii', 'Perciformes', 'Pomacentridae', 'Stegastes', 'fasciolatus', null, null, 'SFA', false, '{"MaxLength": 15.0, "OtherGroups": "Herbivore"}', null, null, 1812),
       (1186, 'Trachypoma macracanthus', 1, 283033, 1, 'Strawberry cod', null, 'Chordata', 'Actinopterygii', 'Perciformes', 'Serranidae', 'Trachypoma', 'macracanthus', null, null, 'TMA', false, '{"MaxLength": 22.0, "OtherGroups": "Higher carnivore (including piscivore)"}', null, null, 1834),
       (1191, 'Turbo cepoides', 1, 413429, 1, 'Turban shell', null, 'Mollusca', 'Gastropoda', 'Vetigastropoda', 'Turbinidae', 'Turbo', 'cepoides', null, null, 'TCE', true, '{"MaxLength": 10.0}', null, null, 1841),
       (1230, 'Gymnothorax nubilus', 1, 271862, 1, 'Grey moray', null, 'Chordata', 'Actinopterygii', 'Anguilliformes', 'Muraenidae', 'Gymnothorax', 'nubilus', null, null, 'GNU', false, '{"MaxLength": 53.5}', null, null, 1883),
       (1335, 'Notocirrhitus splendens', 1, 281776, 1, 'Splendid hawkfish', null, 'Chordata', 'Actinopterygii', 'Perciformes', 'Cirrhitidae', 'Notocirrhitus', 'splendens', null, null, 'NSP', false, '{"MaxLength": 20.0}', null, null, 1992),
       (1342, 'Eviota spp.', 1, 205965, 1, 'Unidentified goby', null, 'Chordata', 'Actinopterygii', 'Perciformes', 'Gobiidae', 'Eviota', null, null, null, 'EVI', false, '{"MaxLength": 2.714285714}', null, null, 1999),
       (1367, 'Amphiprion mccullochi', 1, 278397, 1, 'McCulloch''s anemonefish', null, 'Chordata', 'Actinopterygii', 'Perciformes', 'Pomacentridae', 'Amphiprion', 'mccullochi', null, null, 'AMC', false, '{"MaxLength": 12.0, "OtherGroups": "Planktivore"}', null, null, 2024),
       (1370, 'Chlorurus microrhinos', 1, 277507, 1, 'Steep-head parrotfish', null, 'Chordata', 'Actinopterygii', 'Perciformes', 'Scaridae', 'Chlorurus', 'microrhinos', null, null, 'CMIC', false, '{"MaxLength": 70.0, "OtherGroups": "Herbivore"}', null, null, 2027),
       (1383, 'Enneapterygius rufopileus', 1, 277337, 1, 'Black-cheek threefin', null, 'Chordata', 'Actinopterygii', 'Perciformes', 'Tripterygiidae', 'Enneapterygius', 'rufopileus', null, null, 'ERU', false, '{"MaxLength": 3.6, "OtherGroups": "Benthic lower carnivore"}', null, null, 2040),
       (1418, 'Echinostrephus aciculatus', 1, 513245, 1, 'Sea urchin', null, 'Echinodermata', 'Echinoidea', 'Echinoida', 'Echinometridae', 'Echinostrephus', 'aciculatus', null, null, 'EAC', true, '{"MaxLength": 2.2}', null, null, 2077),
       (1569, 'Cantherhines pardalis', 1, 220058, 1, 'Honeycomb leatherjacket', null, 'Chordata', 'Actinopterygii', 'Tetraodontiformes', 'Monacanthidae', 'Cantherhines', 'pardalis', null, null, 'CPARD', false, '{"MaxLength": 25.0, "OtherGroups": "Benthic lower carnivore"}', null, null, 2327),
       (1577, 'Sufflamen fraenatum', 1, 276852, 1, 'Bridled triggerfish', null, 'Chordata', 'Actinopterygii', 'Tetraodontiformes', 'Balistidae', 'Sufflamen', 'fraenatum', null, null, 'SFRA', false, '{"MaxLength": 38.0}', null, null, 2336),
       (1579, 'Scorpis violacea', 1, 282732, 1, 'Blue mao mao', null, 'Chordata', 'Actinopterygii', 'Perciformes', 'Kyphosidae', 'Scorpis', 'violacea', null, null, 'SVI', false, '{"MaxLength": 34.5}', null, null, 2338),
       (1758, 'Pseudobiceros stellae', 1, 878962, 1, 'Stella''s flatworm', null, 'Platyhelminthes', 'Turbellaria', 'Polycladida', 'Pseudocerotidae', 'Pseudobiceros', 'stellae', null, null, null, true, '{"MaxLength": 8.0}', null, null, 2571),
       (1913, 'Mithrodia clavigera', 1, 178200, 1, 'Nail sea star', null, 'Echinodermata', 'Asteroidea', 'Spinulosida', 'Mithrodiidae', 'Mithrodia', 'clavigera', null, null, null, true, '{"MaxLength": 22.0}', null, null, 2727),
       (1915, 'Astroboa granulatus', 1, 213442, 1, 'Granulate basket star', null, 'Echinodermata', 'Ophiuroidea', 'Phrynophiurida', 'Gorgonocephalidae', 'Astroboa', 'granulatus', null, null, null, true, '{"MaxLength": 14.0}', null, null, 2729),
       (2146, 'Seriola rivoliana', 1, 126818, 1, 'Highfin Amberjack', null, 'Chordata', 'Actinopterygii', 'Perciformes', 'Carangidae', 'Seriola', 'rivoliana', null, null, null, false, '{"MaxLength": 160.0}', null, null, 2961),
       (2147, 'Caranx lugubris', 1, 126805, 1, 'Black Trevally', null, 'Chordata', 'Actinopterygii', 'Perciformes', 'Carangidae', 'Caranx', 'lugubris', null, null, null, false, '{"MaxLength": 100.0}', null, null, 2962),
       (2157, 'Lutjanus bohar', 1, 218479, 1, 'Red Bass', null, 'Chordata', 'Actinopterygii', 'Perciformes', 'Lutjanidae', 'Lutjanus', 'bohar', null, null, null, false, '{"MaxLength": 90.0}', null, null, 2972),
       (2208, 'Chaetodontoplus ballinae', 1, 280113, 1, 'Ballina Angelfish', null, 'Chordata', 'Actinopterygii', 'Perciformes', 'Pomacanthidae', 'Chaetodontoplus', 'ballinae', null, null, null, false, '{"MaxLength": 20.6}', null, null, 3023),
       (2209, 'Chaetodontoplus conspicillatus', 1, 280116, 1, 'Conspicuous Angelfish', null, 'Chordata', 'Actinopterygii', 'Perciformes', 'Pomacanthidae', 'Chaetodontoplus', 'conspicillatus', null, null, null, false, '{"MaxLength": 10.0}', null, null, 3024),
       (2212, 'Genicanthus semicinctus', 1, 279095, 1, 'Halfbanded Angelfish', null, 'Chordata', 'Actinopterygii', 'Perciformes', 'Pomacanthidae', 'Genicanthus', 'semicinctus', null, null, null, false, '{"MaxLength": 20.0}', null, null, 3027),
       (2290, 'Cirrhilabrus punctatus', 1, 277860, 1, 'Finespot Wrasse', null, 'Chordata', 'Actinopterygii', 'Perciformes', 'Labridae', 'Cirrhilabrus', 'punctatus', null, null, null, false, '{"MaxLength": 13.0}', null, null, 3105),
       (2309, 'Thalassoma nigrofasciatum', 1, 273587, 1, 'Blackbarred Wrasse', null, 'Chordata', 'Actinopterygii', 'Perciformes', 'Labridae', 'Thalassoma', 'nigrofasciatum', null, null, null, false, '{"MaxLength": 20.0}', null, null, 3124),
       (2351, 'Stanulus talboti', 1, 277937, 1, 'Talbot''s Blenny', null, 'Chordata', 'Actinopterygii', 'Perciformes', 'Blenniidae', 'Stanulus', 'talboti', null, null, null, false, '{"MaxLength": 4.8}', null, null, 3166),
       (2407, 'Eviota hoesei', 1, 388749, 1, 'Doug''s Eviota', null, 'Chordata', 'Actinopterygii', 'Perciformes', 'Gobiidae', 'Eviota', 'hoesei', null, null, null, false, '{"MaxLength": 2.1}', null, null, 3222),
       (2441, 'Cantherhines dumerilii', 1, 276248, 1, 'Barred Leatherjacket', null, 'Chordata', 'Actinopterygii', 'Tetraodontiformes', 'Monacanthidae', 'Cantherhines', 'dumerilii', null, null, null, false, '{"MaxLength": 38.0}', null, null, 3256),
       (2502, 'Drupella spp.', 1, 205771, 1, null, null, 'Mollusca', 'Gastropoda', 'Neogastropoda', 'Muricidae', 'Drupella', null, null, null, null, true, '{}', null, null, 3317),
       (2508, 'Enneapterygius spp.', 1, 204407, 1, null, null, 'Chordata', 'Actinopterygii', 'Perciformes', 'Tripterygiidae', 'Enneapterygius', null, null, null, null, false, '{"MaxLength": 3.583333333}', null, null, 3323),
       (2653, 'Nudibranchia spp.', 1, 1762, 1, 'A nudibranch', null, 'Mollusca', 'Gastropoda', 'Nudibranchia', null, null, null, null, null, null, true, '{}', null, null, 3470),
       (2706, 'Aniculus maximus', 1, 208664, 1, 'Hairy yellow hermit crab', null, 'Arthropoda', 'Malacostraca', 'Decapoda', 'Diogenidae', 'Aniculus', 'maximus', null, null, null, true, '{"MaxLength": 12.0}', null, null, 3523),
       (4094, 'Kyphosus sectatrix', 1, 303486, 1, 'Pacific drummer', null, 'Chordata', 'Actinopterygii', 'Perciformes', 'Kyphosidae', 'Kyphosus', 'sectatrix', null, null, null, false, '{"MaxLength": 76.0}', null, null, 4917),
       (5778, 'Acanthocybium solandri', 1, 127014, 1, 'Wahoo', null, 'Chordata', 'Actinopterygii', 'Perciformes', 'Scombridae', 'Acanthocybium', 'solandri', null, null, null, false, '{"MaxLength": 250.0}', null, null, 6997),
       (5968, 'Enneapterygius howensis', 1, 277314, 1, 'Lord howe threefin', null, 'Chordata', 'Actinopterygii', 'Perciformes', 'Tripterygiidae', 'Enneapterygius', 'howensis', null, null, null, false, '{"MaxLength": 4.0}', null, null, 7240);

insert into nrmn.survey_method (survey_method_id, survey_id, method_id, block_num, survey_not_done, survey_method_attribute)
values  (6978, 2001745, 2, 1, false, '{}'),
        (6979, 2001745, 1, 2, false, '{}'),
        (6980, 2001745, 2, 2, false, '{}'),
        (6981, 2001745, 13, null, false, '{}'),
        (6982, 2001745, 1, 1, false, '{}'),
        (6983, 2001745, 0, null, false, '{}'),
        (7153, 912340552, 1, 2, false, '{}'),
        (7154, 912340552, 2, 1, false, '{}'),
        (7155, 912340552, 1, 1, false, '{}'),
        (7156, 912340552, 13, null, false, '{}'),
        (7157, 912340552, 0, null, false, '{}'),
        (7158, 912340552, 2, 2, false, '{}'),
        (34520, 912350275, 1, 1, false, '{}'),
        (34521, 912350275, 13, null, false, '{}'),
        (34522, 912350275, 0, null, false, '{}'),
        (34523, 912350275, 2, 2, false, '{}'),
        (34524, 912350275, 1, 2, false, '{}'),
        (34525, 912350275, 2, 1, false, '{}'),
        (55772, 912350271, 1, 2, false, '{}'),
        (55773, 912350271, 2, 1, false, '{}'),
        (55774, 912350271, 13, null, false, '{}'),
        (55775, 912350271, 2, 2, false, '{}'),
        (55776, 912350271, 1, 1, false, '{}'),
        (56108, 912340553, 0, null, false, '{}'),
        (56109, 912340553, 13, null, false, '{}'),
        (56110, 912340553, 2, 1, false, '{}'),
        (56111, 912340553, 1, 2, false, '{}'),
        (56112, 912340553, 1, 1, false, '{}'),
        (56113, 912340553, 2, 2, false, '{}'),
        (83540, 912340551, 2, 1, false, '{}'),
        (83541, 912340551, 1, 1, false, '{}'),
        (83542, 912340551, 1, 2, false, '{}'),
        (83543, 912340551, 0, null, false, '{}'),
        (83544, 912340551, 13, null, false, '{}'),
        (83545, 912340551, 2, 2, false, '{}'),
        (94455, 912350289, 2, 1, false, '{}'),
        (94456, 912350289, 2, 2, false, '{}'),
        (94457, 912350289, 1, 2, false, '{}'),
        (94458, 912350289, 1, 1, false, '{}'),
        (98530, 2001744, 2, 2, false, '{}'),
        (98531, 2001744, 2, 1, false, '{}'),
        (98532, 2001744, 1, 2, false, '{}'),
        (98533, 2001744, 13, null, false, '{}'),
        (98534, 2001744, 1, 1, false, '{}'),
        (127479, 912350272, 2, 2, false, '{}'),
        (127480, 912350272, 2, 1, false, '{}'),
        (127481, 912350272, 1, 2, false, '{}'),
        (127482, 912350272, 13, null, false, '{}'),
        (127483, 912350272, 1, 1, false, '{}');

insert into nrmn.methods_species (observable_item_id, method_id)
values  (48, 0),
        (48, 1),
        (55, 0),
        (55, 1),
        (135, 0),
        (135, 1),
        (137, 0),
        (137, 1),
        (137, 2),
        (150, 0),
        (150, 1),
        (158, 0),
        (158, 1),
        (158, 2),
        (162, 0),
        (162, 1),
        (168, 0),
        (168, 1),
        (186, 0),
        (186, 1),
        (186, 2),
        (206, 0),
        (206, 2),
        (239, 0),
        (239, 2),
        (256, 0),
        (256, 2),
        (360, 0),
        (360, 1),
        (402, 0),
        (402, 1),
        (410, 0),
        (410, 2),
        (412, 0),
        (412, 1),
        (459, 0),
        (459, 1),
        (463, 0),
        (463, 1),
        (468, 0),
        (468, 1),
        (479, 0),
        (479, 1),
        (480, 0),
        (480, 1),
        (485, 0),
        (485, 1),
        (528, 0),
        (528, 1),
        (556, 0),
        (556, 1),
        (557, 0),
        (557, 1),
        (565, 0),
        (565, 1),
        (565, 2),
        (566, 0),
        (566, 1),
        (566, 2),
        (577, 0),
        (577, 1),
        (580, 0),
        (580, 1),
        (587, 0),
        (587, 1),
        (674, 0),
        (674, 1),
        (676, 0),
        (676, 1),
        (698, 0),
        (698, 1),
        (698, 2),
        (714, 0),
        (714, 1),
        (728, 0),
        (728, 2),
        (787, 0),
        (787, 1),
        (787, 2),
        (807, 0),
        (807, 1),
        (848, 0),
        (848, 1),
        (864, 0),
        (864, 1),
        (876, 0),
        (876, 1),
        (884, 0),
        (884, 1),
        (900, 0),
        (900, 1),
        (905, 0),
        (905, 1),
        (905, 2),
        (906, 0),
        (906, 1),
        (906, 2),
        (909, 0),
        (909, 2),
        (910, 0),
        (910, 2),
        (912, 0),
        (912, 2),
        (914, 0),
        (914, 1),
        (920, 0),
        (920, 1),
        (920, 2),
        (962, 0),
        (962, 1),
        (973, 0),
        (973, 1),
        (973, 2),
        (1004, 0),
        (1004, 1),
        (1007, 0),
        (1007, 1),
        (1008, 0),
        (1008, 1),
        (1052, 0),
        (1052, 1),
        (1084, 0),
        (1084, 1),
        (1107, 0),
        (1107, 1),
        (1111, 0),
        (1111, 1),
        (1119, 0),
        (1119, 1),
        (1164, 0),
        (1164, 1),
        (1186, 0),
        (1186, 1),
        (1186, 2),
        (1191, 0),
        (1191, 2),
        (1191, 5),
        (1230, 0),
        (1230, 1),
        (1230, 2),
        (1335, 0),
        (1335, 1),
        (1335, 2),
        (1342, 0),
        (1342, 1),
        (1342, 2),
        (1367, 0),
        (1367, 1),
        (1370, 0),
        (1370, 1),
        (1383, 0),
        (1383, 1),
        (1383, 2),
        (1418, 0),
        (1418, 2),
        (1569, 0),
        (1569, 1),
        (1577, 0),
        (1577, 1),
        (1579, 0),
        (1579, 1),
        (1758, 0),
        (1758, 2),
        (1913, 0),
        (1913, 2),
        (1915, 0),
        (1915, 2),
        (2146, 0),
        (2146, 1),
        (2147, 0),
        (2147, 1),
        (2157, 0),
        (2157, 1),
        (2208, 0),
        (2208, 1),
        (2209, 0),
        (2209, 1),
        (2212, 0),
        (2212, 1),
        (2290, 0),
        (2290, 1),
        (2309, 0),
        (2309, 1),
        (2351, 0),
        (2351, 1),
        (2351, 2),
        (2407, 0),
        (2407, 1),
        (2407, 2),
        (2441, 0),
        (2441, 1),
        (2502, 0),
        (2502, 2),
        (2508, 0),
        (2508, 1),
        (2508, 2),
        (2653, 0),
        (2653, 2),
        (2706, 0),
        (2706, 2),
        (4094, 0),
        (4094, 1),
        (5778, 0),
        (5778, 1),
        (5968, 0),
        (5968, 1),
        (5968, 2);

insert into nrmn.observation (observation_id, survey_method_id, diver_id, observable_item_id, measure_id, measure_value, observation_attribute)
values  (960253, 83545, 419, 912, 52, 1, '{}'),
        (960254, 83545, 419, 206, 52, 42, '{}'),
        (970873, 94456, 373, 1191, 52, 1, '{}'),
        (988120, 7158, 366, 909, 52, 1, '{}'),
        (988121, 7158, 366, 410, 52, 7, '{}'),
        (988122, 7158, 366, 206, 52, 108, '{}'),
        (988125, 7158, 366, 728, 52, 3, '{}'),
        (988127, 7158, 366, 912, 52, 1, '{}'),
        (997287, 83540, 208, 206, 52, 23, '{}'),
        (998102, 7154, 421, 912, 52, 1, '{}'),
        (998125, 7154, 421, 410, 52, 8, '{}'),
        (998127, 7154, 421, 206, 52, 98, '{}'),
        (998128, 7154, 421, 728, 52, 4, '{}'),
        (998428, 98531, 188, 910, 52, 1, '{}'),
        (998431, 98531, 188, 728, 52, 2, '{}'),
        (998432, 98531, 188, 239, 52, 144, '{}'),
        (998436, 98531, 188, 410, 52, 41, '{}'),
        (999642, 6980, 373, 206, 52, 108, '{}'),
        (999643, 6980, 373, 410, 52, 5, '{}'),
        (999648, 6980, 373, 1418, 52, 2, '{}'),
        (1000837, 56110, 425, 206, 52, 170, '{}'),
        (1000840, 56110, 425, 410, 52, 35, '{}'),
        (1000864, 56110, 425, 1913, 52, 1, '{}'),
        (1000873, 56110, 425, 2502, 52, 2, '{}'),
        (1000948, 98530, 148, 239, 52, 73, '{}'),
        (1000949, 98530, 148, 410, 52, 2, '{}'),
        (1001000, 6978, 115, 912, 52, 4, '{}'),
        (1001007, 6978, 115, 206, 52, 155, '{}'),
        (1001008, 6978, 115, 410, 52, 19, '{}'),
        (1001018, 6978, 115, 256, 52, 1, '{}'),
        (1001228, 56113, 97, 206, 52, 115, '{}'),
        (1001230, 56113, 97, 410, 52, 8, '{}'),
        (1031114, 6983, 115, 2208, 1, 3, '{}'),
        (1034544, 6980, 373, 2407, 1, 3, '{}'),
        (1034797, 6978, 115, 906, 1, 3, '{}'),
        (1034799, 6978, 115, 1383, 1, 13, '{}'),
        (1081566, 7158, 366, 2351, 2, 2, '{"Biomass": 0.6540467952}'),
        (1081567, 7158, 366, 1383, 2, 5, '{"Biomass": 0.9537941522}'),
        (1082024, 98534, 188, 1084, 2, 4, '{"Biomass": 1.4785868211}'),
        (1082038, 98534, 188, 557, 2, 2, '{"Biomass": 0.4559894701}'),
        (1082039, 98534, 188, 906, 2, 1, '{"Biomass": 0.4425028815}'),
        (1082053, 127483, 188, 55, 2, 115, '{"Biomass": 43.268234471}'),
        (1082054, 127483, 188, 1164, 2, 8, '{"Biomass": 5.766392115}'),
        (1082055, 127483, 188, 900, 2, 23, '{"Biomass": 11.6221849386}'),
        (1082056, 127483, 188, 2508, 2, 1, '{"Biomass": 0.1907588304}'),
        (1082075, 98534, 188, 1164, 2, 4, '{"Biomass": 2.8831960575}'),
        (1082109, 56111, 97, 1342, 2, 5, '{"Biomass": 1.5416181428}'),
        (1082471, 7153, 366, 55, 2, 20, '{"Biomass": 7.5249103428}'),
        (1082472, 7153, 366, 1084, 2, 8, '{"Biomass": 2.9571736421}'),
        (1082819, 83541, 208, 55, 2, 75, '{"Biomass": 28.2184137854}'),
        (1083083, 34524, 188, 900, 2, 165, '{"Biomass": 83.376544125}'),
        (1083084, 34524, 188, 55, 2, 125, '{"Biomass": 47.0306896423}'),
        (1083338, 34520, 188, 900, 2, 95, '{"Biomass": 48.0046769205}'),
        (1083339, 34520, 188, 1164, 2, 2, '{"Biomass": 1.4415980287}'),
        (1083361, 34520, 188, 55, 2, 63, '{"Biomass": 23.7034675797}'),
        (1087017, 127481, 188, 55, 2, 115, '{"Biomass": 43.268234471}'),
        (1087055, 55772, 115, 900, 2, 25, '{"Biomass": 12.6328097159}'),
        (1087465, 56112, 425, 55, 2, 100, '{"Biomass": 37.6245517139}'),
        (1094144, 56113, 97, 1383, 2, 1, '{"Biomass": 0.1907588304}'),
        (1094153, 98531, 188, 1383, 2, 15, '{"Biomass": 2.8613824566}'),
        (1094154, 98531, 188, 2351, 2, 1, '{"Biomass": 0.3270233976}'),
        (1094238, 7154, 421, 1383, 2, 13, '{"Biomass": 2.4798647957}'),
        (1094239, 7154, 421, 2351, 2, 4, '{"Biomass": 1.3080935905}'),
        (1098982, 127480, 187, 1383, 2, 5, '{"Biomass": 0.9537941522}'),
        (1098983, 127480, 187, 2351, 2, 6, '{"Biomass": 1.9621403857}'),
        (1099206, 55775, 378, 186, 2, 6, '{"Biomass": 0.7724099581}'),
        (1099207, 55775, 378, 2351, 2, 5, '{"Biomass": 1.6351169881}'),
        (1099208, 55775, 378, 5968, 2, 10, '{}'),
        (1099209, 55775, 378, 905, 2, 2, '{"Biomass": 0.8850057631}'),
        (1099218, 55773, 378, 186, 2, 2, '{"Biomass": 0.257469986}'),
        (1099219, 55773, 378, 2351, 2, 3, '{"Biomass": 0.9810701929}'),
        (1099220, 55773, 378, 5968, 2, 6, '{}'),
        (1099237, 83540, 208, 2351, 2, 1, '{"Biomass": 0.3270233976}'),
        (1099991, 127479, 187, 1383, 2, 8, '{"Biomass": 1.5260706435}'),
        (1099992, 127479, 187, 2351, 2, 1, '{"Biomass": 0.3270233976}'),
        (1120916, 7155, 421, 556, 2, 1, '{"Biomass": 0.473685236}'),
        (1120917, 7155, 421, 55, 2, 10, '{"Biomass": 3.7624551714}'),
        (1135247, 55775, 378, 206, 57, 30, '{}'),
        (1135248, 55773, 378, 206, 57, 25, '{}'),
        (1149618, 34525, 187, 565, 3, 2, '{"Biomass": 7.5829476076}'),
        (1154419, 127481, 188, 135, 3, 15, '{"Biomass": 45.036}'),
        (1154422, 127481, 188, 186, 3, 2, '{"Biomass": 1.9325103869}'),
        (1154430, 127481, 188, 137, 3, 8, '{"Biomass": 22.6089326288}'),
        (1154431, 127481, 188, 905, 3, 3, '{"Biomass": 11.3744214114}'),
        (1154436, 127481, 188, 1164, 3, 6, '{"Biomass": 33.9568668418}'),
        (1154439, 127481, 188, 480, 3, 3, '{"Biomass": 7.7841747669}'),
        (1154443, 127481, 188, 55, 3, 555, '{"Biomass": 2130.6682421956}'),
        (1168192, 56112, 425, 55, 3, 100, '{"Biomass": 383.904187783}'),
        (1168194, 56112, 425, 900, 3, 25, '{"Biomass": 82.2021170951}'),
        (1172310, 55775, 378, 905, 3, 3, '{"Biomass": 11.3744214114}'),
        (1172339, 55773, 378, 905, 3, 1, '{"Biomass": 3.7914738038}'),
        (1175905, 56110, 425, 698, 3, 2, '{"Biomass": 5.7257543069}'),
        (1175922, 56110, 425, 1383, 3, 18, '{"Biomass": 29.2374736069}'),
        (1175968, 56113, 97, 698, 3, 2, '{"Biomass": 5.7257543069}'),
        (1184975, 127479, 187, 2351, 3, 1, '{"Biomass": 2.8628771535}'),
        (1185046, 83545, 419, 1383, 3, 1, '{"Biomass": 1.6243040893}'),
        (1186984, 7158, 366, 2351, 3, 5, '{"Biomass": 14.3143857673}'),
        (1186986, 7158, 366, 1383, 3, 5, '{"Biomass": 8.1215204463}'),
        (1230961, 7155, 421, 168, 3, 2, '{"Biomass": 8.237008388}'),
        (1230962, 7155, 421, 557, 3, 15, '{"Biomass": 28.1675662248}'),
        (1230963, 7155, 421, 1052, 3, 2, '{"Biomass": 8.9113272361}'),
        (1230964, 7155, 421, 55, 3, 70, '{"Biomass": 268.7329314481}'),
        (1230966, 7155, 421, 135, 3, 10, '{"Biomass": 30.024}'),
        (1230967, 7155, 421, 186, 3, 1, '{"Biomass": 0.9662551935}'),
        (1230968, 7155, 421, 900, 3, 25, '{"Biomass": 82.2021170951}'),
        (1230969, 7155, 421, 137, 3, 20, '{"Biomass": 56.522331572}'),
        (1238670, 83542, 419, 55, 3, 100, '{"Biomass": 383.904187783}'),
        (1239390, 7153, 366, 480, 3, 2, '{"Biomass": 5.1894498446}'),
        (1239439, 7153, 366, 2351, 3, 1, '{"Biomass": 2.8628771535}'),
        (1239441, 7153, 366, 135, 3, 10, '{"Biomass": 30.024}'),
        (1240480, 55776, 115, 900, 3, 50, '{"Biomass": 164.4042341902}'),
        (1240512, 98534, 188, 900, 3, 15, '{"Biomass": 49.3212702571}'),
        (1240513, 98534, 188, 135, 3, 15, '{"Biomass": 45.036}'),
        (1240514, 98534, 188, 1164, 3, 8, '{"Biomass": 45.2758224557}'),
        (1240520, 98534, 188, 557, 3, 1, '{"Biomass": 1.8778377483}'),
        (1240527, 98534, 188, 480, 3, 45, '{"Biomass": 116.762621504}'),
        (1240535, 98534, 188, 1084, 3, 5, '{"Biomass": 15.013069353}'),
        (1241348, 127483, 188, 1164, 3, 8, '{"Biomass": 45.2758224557}'),
        (1241349, 127483, 188, 55, 3, 145, '{"Biomass": 556.6610722853}'),
        (1241350, 127483, 188, 480, 3, 16, '{"Biomass": 41.515598757}'),
        (1241400, 127483, 188, 135, 3, 15, '{"Biomass": 45.036}'),
        (1241401, 127483, 188, 186, 3, 4, '{"Biomass": 3.8650207739}'),
        (1241402, 127483, 188, 900, 3, 45, '{"Biomass": 147.9638107712}'),
        (1241403, 127483, 188, 137, 3, 12, '{"Biomass": 33.9133989432}'),
        (1241405, 127483, 188, 905, 3, 8, '{"Biomass": 30.3317904303}'),
        (1243669, 6979, 373, 137, 3, 10, '{"Biomass": 28.261165786}'),
        (1243670, 6979, 373, 900, 3, 15, '{"Biomass": 49.3212702571}'),
        (1243673, 6979, 373, 55, 3, 5, '{"Biomass": 19.1952093891}'),
        (1243677, 6979, 373, 480, 3, 5, '{"Biomass": 12.9736246116}'),
        (1249630, 55772, 115, 905, 3, 2, '{"Biomass": 7.5829476076}'),
        (1249632, 55772, 115, 2351, 3, 2, '{"Biomass": 5.7257543069}'),
        (1249637, 55772, 115, 900, 3, 40, '{"Biomass": 131.5233873521}'),
        (1249649, 55772, 115, 480, 3, 3, '{"Biomass": 7.7841747669}'),
        (1249652, 55772, 115, 55, 3, 45, '{"Biomass": 172.7568845023}'),
        (1249655, 55772, 115, 1164, 3, 2, '{"Biomass": 11.3189556139}'),
        (1250906, 6982, 115, 480, 3, 4, '{"Biomass": 10.3788996892}'),
        (1251312, 98532, 148, 485, 3, 1, '{"Biomass": 1.9277854657}'),
        (1251410, 98532, 148, 1052, 3, 5, '{"Biomass": 22.2783180903}'),
        (1251411, 98532, 148, 55, 3, 20, '{"Biomass": 76.7808375566}'),
        (1251488, 83541, 208, 2309, 3, 1, '{"Biomass": 3.0024}'),
        (1251513, 83541, 208, 55, 3, 100, '{"Biomass": 383.904187783}'),
        (1252088, 34524, 188, 135, 3, 5, '{"Biomass": 15.012}'),
        (1252092, 34524, 188, 55, 3, 135, '{"Biomass": 518.270653507}'),
        (1252097, 34524, 188, 480, 3, 8, '{"Biomass": 20.7577993785}'),
        (1252109, 34524, 188, 186, 3, 2, '{"Biomass": 1.9325103869}'),
        (1252120, 34524, 188, 137, 3, 8, '{"Biomass": 22.6089326288}'),
        (1252138, 34524, 188, 905, 3, 2, '{"Biomass": 7.5829476076}'),
        (1252144, 34524, 188, 900, 3, 215, '{"Biomass": 706.9382070177}'),
        (1252660, 34520, 188, 55, 3, 143, '{"Biomass": 548.9829885297}'),
        (1252672, 34520, 188, 480, 3, 15, '{"Biomass": 38.9208738347}'),
        (1252684, 34520, 188, 137, 3, 15, '{"Biomass": 42.391748679}'),
        (1252685, 34520, 188, 900, 3, 225, '{"Biomass": 739.8190538558}'),
        (1252691, 34520, 188, 468, 3, 155, '{"Biomass": 313.3208869027}'),
        (1252698, 34520, 188, 186, 3, 2, '{"Biomass": 1.9325103869}'),
        (1252699, 34520, 188, 135, 3, 3, '{"Biomass": 9.0072}'),
        (1252711, 34520, 188, 1164, 3, 3, '{"Biomass": 16.9784334209}'),
        (1255821, 94458, 373, 900, 3, 50, '{"Biomass": 164.4042341902}'),
        (1255870, 94458, 373, 480, 3, 20, '{"Biomass": 51.8944984462}'),
        (1280017, 94455, 373, 905, 3, 4, '{"Biomass": 15.1658952152}'),
        (1284195, 94456, 373, 905, 3, 6, '{"Biomass": 22.7488428227}'),
        (1294599, 34523, 187, 565, 3, 2, '{"Biomass": 7.5829476076}'),
        (1312197, 34525, 187, 1758, 62, 1, '{}'),
        (1312198, 34525, 187, 2706, 62, 1, '{}'),
        (1312499, 55775, 378, 206, 62, 88, '{}'),
        (1312505, 55775, 378, 912, 62, 1, '{}'),
        (1312506, 55773, 378, 206, 62, 93, '{}'),
        (1314529, 34523, 187, 2653, 62, 1, '{}'),
        (1322353, 94458, 373, 480, 4, 20, '{"Biomass": 170.8651645943}'),
        (1322403, 94458, 373, 137, 4, 40, '{"Biomass": 405.2858477717}'),
        (1322422, 94458, 373, 900, 4, 50, '{"Biomass": 491.7128755275}'),
        (1322462, 94458, 373, 162, 4, 2, '{"Biomass": 20.4492444742}'),
        (1322534, 94458, 373, 186, 4, 5, '{"Biomass": 15.7085184649}'),
        (1328960, 55776, 115, 55, 4, 20, '{"Biomass": 298.7683952203}'),
        (1329013, 55776, 115, 480, 4, 1, '{"Biomass": 8.5432582297}'),
        (1329108, 55776, 115, 137, 4, 2, '{"Biomass": 20.2642923886}'),
        (1335955, 83542, 419, 2351, 4, 3, '{"Biomass": 30.5555150261}'),
        (1336114, 83542, 419, 480, 4, 4, '{"Biomass": 34.1730329189}'),
        (1336174, 83542, 419, 55, 4, 100, '{"Biomass": 1493.8419761015}'),
        (1336256, 83542, 419, 557, 4, 2, '{"Biomass": 12.8931094885}'),
        (1336447, 98534, 188, 480, 4, 15, '{"Biomass": 128.1488734457}'),
        (1336828, 98534, 188, 900, 4, 14, '{"Biomass": 137.6796051477}'),
        (1336835, 98534, 188, 186, 4, 1, '{"Biomass": 3.141703693}'),
        (1336838, 98534, 188, 135, 4, 2, '{"Biomass": 20.2662}'),
        (1336843, 98534, 188, 1164, 4, 22, '{"Biomass": 415.6409752941}'),
        (1336864, 98534, 188, 920, 4, 1, '{"Biomass": 3.4938936457}'),
        (1339793, 34524, 188, 137, 4, 3, '{"Biomass": 30.3964385829}'),
        (1339855, 34524, 188, 485, 4, 1, '{"Biomass": 7.1451205366}'),
        (1339856, 34524, 188, 55, 4, 55, '{"Biomass": 821.6130868558}'),
        (1339861, 34524, 188, 1084, 4, 3, '{"Biomass": 30.6738667112}'),
        (1339871, 34524, 188, 480, 4, 25, '{"Biomass": 213.5814557429}'),
        (1339891, 34524, 188, 135, 4, 3, '{"Biomass": 30.3993}'),
        (1339916, 34524, 188, 1164, 4, 2, '{"Biomass": 37.7855432086}'),
        (1340200, 34525, 187, 565, 4, 2, '{"Biomass": 26.6406530837}'),
        (1340673, 34523, 187, 565, 4, 1, '{"Biomass": 13.3203265419}'),
        (1345140, 127483, 188, 55, 4, 85, '{"Biomass": 1269.7656796863}'),
        (1345150, 127483, 188, 1164, 4, 15, '{"Biomass": 283.3915740642}'),
        (1345193, 127483, 188, 480, 4, 215, '{"Biomass": 1836.8005193889}'),
        (1345633, 127483, 188, 468, 4, 45, '{"Biomass": 324.2770846732}'),
        (1345637, 127483, 188, 135, 4, 15, '{"Biomass": 151.9965}'),
        (1345640, 127483, 188, 137, 4, 3, '{"Biomass": 30.3964385829}'),
        (1350579, 94457, 373, 55, 4, 20, '{"Biomass": 298.7683952203}'),
        (1350587, 94457, 373, 900, 4, 50, '{"Biomass": 491.7128755275}'),
        (1350594, 94457, 373, 162, 4, 30, '{"Biomass": 306.7386671123}'),
        (1350604, 94457, 373, 137, 4, 20, '{"Biomass": 202.6429238859}'),
        (1350642, 94457, 373, 480, 4, 10, '{"Biomass": 85.4325822972}'),
        (1358768, 34520, 188, 55, 4, 83, '{"Biomass": 1239.8888401642}'),
        (1358809, 34520, 188, 480, 4, 16, '{"Biomass": 136.6921316755}'),
        (1358816, 56111, 97, 137, 4, 7, '{"Biomass": 70.9250233601}'),
        (1358847, 34520, 188, 485, 4, 2, '{"Biomass": 14.2902410732}'),
        (1358852, 56111, 97, 480, 4, 5, '{"Biomass": 42.7162911486}'),
        (1358865, 34520, 188, 1084, 4, 1, '{"Biomass": 10.2246222371}'),
        (1358874, 56111, 97, 900, 4, 5, '{"Biomass": 49.1712875528}'),
        (1358887, 56111, 97, 55, 4, 20, '{"Biomass": 298.7683952203}'),
        (1359695, 34520, 188, 468, 4, 95, '{"Biomass": 684.5849565324}'),
        (1359746, 34520, 188, 137, 4, 8, '{"Biomass": 81.0571695543}'),
        (1359764, 34520, 188, 1164, 4, 4, '{"Biomass": 75.5710864171}'),
        (1359819, 34520, 188, 135, 4, 2, '{"Biomass": 20.2662}'),
        (1362039, 98532, 148, 480, 4, 10, '{"Biomass": 85.4325822972}'),
        (1362091, 98532, 148, 1052, 4, 5, '{"Biomass": 76.8537574978}'),
        (1362102, 98532, 148, 1084, 4, 10, '{"Biomass": 102.2462223708}'),
        (1362369, 98532, 148, 137, 4, 5, '{"Biomass": 50.6607309715}'),
        (1371741, 83541, 208, 137, 4, 3, '{"Biomass": 30.3964385829}'),
        (1371750, 83541, 208, 402, 4, 1, '{"Biomass": 8.5432582297}'),
        (1371756, 83541, 208, 587, 4, 3, '{"Biomass": 57.2966237017}'),
        (1371846, 83541, 208, 480, 4, 3, '{"Biomass": 25.6297746891}'),
        (1371848, 83541, 208, 557, 4, 3, '{"Biomass": 19.3396642328}'),
        (1371853, 83541, 208, 55, 4, 150, '{"Biomass": 2240.7629641522}'),
        (1371897, 83541, 208, 135, 4, 35, '{"Biomass": 354.6585}'),
        (1377938, 127481, 188, 135, 4, 33, '{"Biomass": 334.3923}'),
        (1377976, 127481, 188, 1335, 4, 2, '{"Biomass": 26.0185436549}'),
        (1377978, 127481, 188, 468, 4, 55, '{"Biomass": 396.338659045}'),
        (1378199, 127481, 188, 557, 4, 4, '{"Biomass": 25.786218977}'),
        (1378204, 127481, 188, 1164, 4, 3, '{"Biomass": 56.6783148128}'),
        (1378211, 127481, 188, 55, 4, 55, '{"Biomass": 821.6130868558}'),
        (1378226, 127481, 188, 480, 4, 12, '{"Biomass": 102.5190987566}'),
        (1381087, 55772, 115, 55, 4, 40, '{"Biomass": 597.5367904406}'),
        (1381208, 55772, 115, 480, 4, 13, '{"Biomass": 111.0623569863}'),
        (1381317, 55772, 115, 905, 4, 6, '{"Biomass": 79.9219592512}'),
        (1381324, 55772, 115, 2351, 4, 3, '{"Biomass": 30.5555150261}'),
        (1381325, 55772, 115, 137, 4, 3, '{"Biomass": 30.3964385829}'),
        (1381376, 55772, 115, 1164, 4, 1, '{"Biomass": 18.8927716043}'),
        (1381428, 55772, 115, 135, 4, 30, '{"Biomass": 303.993}'),
        (1383840, 6979, 373, 137, 4, 1, '{"Biomass": 10.1321461943}'),
        (1383896, 6979, 373, 55, 4, 5, '{"Biomass": 74.6920988051}'),
        (1384216, 6979, 373, 480, 4, 3, '{"Biomass": 25.6297746891}'),
        (1391863, 7153, 366, 480, 4, 8, '{"Biomass": 68.3460658377}'),
        (1392330, 7153, 366, 557, 4, 7, '{"Biomass": 45.1258832098}'),
        (1392395, 7153, 366, 135, 4, 30, '{"Biomass": 303.993}'),
        (1403432, 6982, 115, 137, 4, 8, '{"Biomass": 81.0571695543}'),
        (1403502, 6982, 115, 135, 4, 4, '{"Biomass": 40.5324}'),
        (1403584, 6982, 115, 480, 4, 3, '{"Biomass": 25.6297746891}'),
        (1437281, 7155, 421, 676, 4, 2, '{"Biomass": 18.0195014608}'),
        (1437282, 7155, 421, 557, 4, 4, '{"Biomass": 25.786218977}'),
        (1454099, 55773, 378, 1335, 4, 2, '{"Biomass": 26.0185436549}'),
        (1454407, 55775, 378, 1335, 4, 1, '{"Biomass": 13.0092718274}'),
        (1454410, 55775, 378, 905, 4, 1, '{"Biomass": 13.3203265419}'),
        (1460555, 127480, 187, 905, 4, 1, '{"Biomass": 13.3203265419}'),
        (1465467, 7158, 366, 905, 4, 1, '{"Biomass": 13.3203265419}'),
        (1493756, 34523, 187, 1758, 67, 1, '{}'),
        (1495024, 55773, 378, 206, 67, 26, '{}'),
        (1495037, 55775, 378, 206, 67, 15, '{}'),
        (1495089, 127480, 187, 206, 67, 2, '{}'),
        (1503177, 6979, 373, 55, 5, 10, '{"Biomass": 391.7187545998}'),
        (1503182, 6979, 373, 480, 5, 4, '{"Biomass": 79.5936593143}'),
        (1507717, 94457, 373, 480, 5, 10, '{"Biomass": 198.9841482857}'),
        (1507810, 94457, 373, 137, 5, 20, '{"Biomass": 501.3759809997}'),
        (1507814, 94457, 373, 900, 5, 50, '{"Biomass": 1069.783873401}'),
        (1507816, 94457, 373, 55, 5, 50, '{"Biomass": 1958.5937729989}'),
        (1507818, 94457, 373, 714, 5, 10, '{"Biomass": 444.3636632259}'),
        (1507822, 94457, 373, 557, 5, 20, '{"Biomass": 309.3294771326}'),
        (1507823, 94457, 373, 485, 5, 5, '{"Biomass": 90.5016759961}'),
        (1509560, 83542, 419, 557, 5, 3, '{"Biomass": 46.3994215699}'),
        (1509566, 83542, 419, 485, 5, 1, '{"Biomass": 18.1003351992}'),
        (1509571, 83542, 419, 480, 5, 2, '{"Biomass": 39.7968296571}'),
        (1509584, 83542, 419, 55, 5, 200, '{"Biomass": 7834.3750919957}'),
        (1509590, 83542, 419, 2309, 5, 1, '{"Biomass": 24.0192}'),
        (1509594, 83542, 419, 1052, 5, 4, '{"Biomass": 148.0191801037}'),
        (1509687, 83542, 419, 135, 5, 200, '{"Biomass": 4803.84}'),
        (1509690, 83542, 419, 1164, 5, 2, '{"Biomass": 88.8727326452}'),
        (1511757, 127483, 188, 55, 5, 45, '{"Biomass": 1762.734395699}'),
        (1511761, 127483, 188, 557, 5, 2, '{"Biomass": 30.9329477133}'),
        (1511767, 127483, 188, 480, 5, 15, '{"Biomass": 298.4762224285}'),
        (1511811, 127483, 188, 1164, 5, 7, '{"Biomass": 311.0545642581}'),
        (1511866, 127483, 188, 135, 5, 3, '{"Biomass": 72.0576}'),
        (1511902, 98534, 188, 480, 5, 15, '{"Biomass": 298.4762224285}'),
        (1511909, 98534, 188, 1164, 5, 16, '{"Biomass": 710.9818611615}'),
        (1511912, 98534, 188, 55, 5, 85, '{"Biomass": 3329.6094140982}'),
        (1512020, 98534, 188, 1367, 5, 1, '{"Biomass": 37.4297919025}'),
        (1514728, 56111, 97, 55, 5, 21, '{"Biomass": 822.6093846596}'),
        (1514730, 56111, 97, 480, 5, 5, '{"Biomass": 99.4920741428}'),
        (1514739, 56111, 97, 900, 5, 5, '{"Biomass": 106.9783873401}'),
        (1522103, 7153, 366, 480, 5, 6, '{"Biomass": 119.3904889714}'),
        (1522181, 7153, 366, 557, 5, 1, '{"Biomass": 15.4664738566}'),
        (1523284, 55776, 115, 137, 5, 6, '{"Biomass": 150.4127942999}'),
        (1523341, 55776, 115, 55, 5, 2, '{"Biomass": 78.34375092}'),
        (1523345, 55776, 115, 463, 5, 1, '{"Biomass": 52.8085153761}'),
        (1523346, 55776, 115, 480, 5, 3, '{"Biomass": 59.6952444857}'),
        (1530351, 7155, 421, 587, 5, 2, '{"Biomass": 89.8422533649}'),
        (1530469, 7155, 421, 480, 5, 4, '{"Biomass": 79.5936593143}'),
        (1591654, 56112, 425, 2290, 5, 10, '{"Biomass": 198.9841482857}'),
        (1600342, 55775, 378, 1335, 5, 2, '{"Biomass": 63.7847747207}'),
        (1604314, 6978, 115, 1335, 5, 1, '{"Biomass": 31.8923873604}'),
        (1610877, 127479, 187, 565, 5, 1, '{"Biomass": 32.4862824734}'),
        (1612254, 127480, 187, 1335, 5, 1, '{"Biomass": 31.8923873604}'),
        (1612505, 56108, 425, 137, 5, 10, '{"Biomass": 250.6879904998}'),
        (1612542, 56108, 425, 135, 5, 100, '{"Biomass": 2401.92}'),
        (1630323, 34520, 188, 557, 5, 1, '{"Biomass": 15.4664738566}'),
        (1630364, 34520, 188, 55, 5, 45, '{"Biomass": 1762.734395699}'),
        (1630394, 34520, 188, 480, 5, 8, '{"Biomass": 159.1873186285}'),
        (1630423, 34520, 188, 1164, 5, 2, '{"Biomass": 88.8727326452}'),
        (1631893, 55772, 115, 480, 5, 6, '{"Biomass": 119.3904889714}'),
        (1632061, 55772, 115, 137, 5, 12, '{"Biomass": 300.8255885998}'),
        (1632099, 55772, 115, 905, 5, 4, '{"Biomass": 129.9451298938}'),
        (1632119, 55772, 115, 1164, 5, 2, '{"Biomass": 88.8727326452}'),
        (1632139, 55772, 115, 557, 5, 2, '{"Biomass": 30.9329477133}'),
        (1632173, 55772, 115, 580, 5, 1, '{"Biomass": 42.3032375565}'),
        (1632198, 55772, 115, 135, 5, 24, '{"Biomass": 576.4608}'),
        (1636557, 98532, 148, 557, 5, 10, '{"Biomass": 154.6647385663}'),
        (1636608, 98532, 148, 360, 5, 10, '{"Biomass": 385.9811455875}'),
        (1636685, 98532, 148, 480, 5, 10, '{"Biomass": 198.9841482857}'),
        (1637099, 94458, 373, 1107, 5, 1, '{"Biomass": 42.6966700633}'),
        (1637101, 94458, 373, 468, 5, 200, '{"Biomass": 3551.5397606941}'),
        (1637102, 94458, 373, 900, 5, 50, '{"Biomass": 1069.783873401}'),
        (1637112, 94458, 373, 137, 5, 20, '{"Biomass": 501.3759809997}'),
        (1637124, 94458, 373, 1164, 5, 2, '{"Biomass": 88.8727326452}'),
        (1637242, 94458, 373, 55, 5, 5, '{"Biomass": 195.8593772999}'),
        (1637278, 94458, 373, 480, 5, 5, '{"Biomass": 99.4920741428}'),
        (1637280, 94458, 373, 557, 5, 5, '{"Biomass": 77.3323692831}'),
        (1637281, 94458, 373, 714, 5, 5, '{"Biomass": 222.181831613}'),
        (1638230, 83541, 208, 1164, 5, 1, '{"Biomass": 44.4363663226}'),
        (1638252, 83541, 208, 480, 5, 5, '{"Biomass": 99.4920741428}'),
        (1638259, 83541, 208, 557, 5, 1, '{"Biomass": 15.4664738566}'),
        (1638263, 83541, 208, 55, 5, 30, '{"Biomass": 1175.1562637994}'),
        (1638279, 83541, 208, 1335, 5, 4, '{"Biomass": 127.5695494414}'),
        (1639881, 6982, 115, 55, 5, 10, '{"Biomass": 391.7187545998}'),
        (1639890, 6982, 115, 480, 5, 3, '{"Biomass": 59.6952444857}'),
        (1644652, 127481, 188, 557, 5, 2, '{"Biomass": 30.9329477133}'),
        (1644655, 127481, 188, 480, 5, 6, '{"Biomass": 119.3904889714}'),
        (1644681, 127481, 188, 55, 5, 25, '{"Biomass": 979.2968864995}'),
        (1644894, 127481, 188, 1335, 5, 2, '{"Biomass": 63.7847747207}'),
        (1645117, 127481, 188, 135, 5, 2, '{"Biomass": 48.0384}'),
        (1648572, 34524, 188, 1164, 5, 1, '{"Biomass": 44.4363663226}'),
        (1648584, 34524, 188, 55, 5, 35, '{"Biomass": 1371.0156410993}'),
        (1648711, 34524, 188, 480, 5, 25, '{"Biomass": 497.4603707141}'),
        (1650112, 34523, 187, 2706, 72, 1, '{}'),
        (1651082, 127479, 187, 206, 72, 8, '{}'),
        (1651106, 127480, 187, 206, 72, 13, '{}'),
        (1659431, 7155, 421, 480, 6, 3, '{"Biomass": 115.0160009848}'),
        (1661212, 6982, 115, 479, 6, 2, '{"Biomass": 270.25570681}'),
        (1661228, 6982, 115, 55, 6, 25, '{"Biomass": 2068.5204905836}'),
        (1661270, 6982, 115, 587, 6, 1, '{"Biomass": 87.2095627609}'),
        (1675649, 83541, 208, 55, 6, 15, '{"Biomass": 1241.1122943501}'),
        (1675698, 83541, 208, 884, 6, 1, '{"Biomass": 52.4151407055}'),
        (1675707, 83541, 208, 1335, 6, 6, '{"Biomass": 383.6249026762}'),
        (1675713, 83541, 208, 402, 6, 1, '{"Biomass": 38.3386669949}'),
        (1675727, 83541, 208, 479, 6, 5, '{"Biomass": 675.6392670249}'),
        (1675916, 83541, 208, 2209, 6, 2, '{"Biomass": 212.9253133835}'),
        (1678839, 55772, 115, 1164, 6, 1, '{"Biomass": 86.2684523714}'),
        (1678870, 55772, 115, 557, 6, 4, '{"Biomass": 121.9695896549}'),
        (1678895, 55772, 115, 1335, 6, 1, '{"Biomass": 63.9374837794}'),
        (1678902, 55772, 115, 137, 6, 1, '{"Biomass": 50.6177877075}'),
        (1678920, 55772, 115, 186, 6, 1, '{"Biomass": 13.8771852686}'),
        (1679732, 6979, 373, 55, 6, 10, '{"Biomass": 827.4081962334}'),
        (1679742, 6979, 373, 480, 6, 3, '{"Biomass": 115.0160009848}'),
        (1679769, 6979, 373, 587, 6, 1, '{"Biomass": 87.2095627609}'),
        (1683323, 56111, 97, 480, 6, 5, '{"Biomass": 191.6933349746}'),
        (1683356, 34520, 188, 480, 6, 8, '{"Biomass": 306.7093359594}'),
        (1683364, 56111, 97, 1052, 6, 2, '{"Biomass": 146.302308309}'),
        (1684292, 127479, 187, 1335, 6, 1, '{"Biomass": 63.9374837794}'),
        (1687082, 83543, 208, 2208, 6, 1, '{"Biomass": 106.4626566918}'),
        (1688274, 7157, 421, 2208, 6, 1, '{"Biomass": 106.4626566918}'),
        (1690905, 127480, 187, 1335, 6, 3, '{"Biomass": 191.8124513381}'),
        (1690907, 127480, 187, 565, 6, 1, '{"Biomass": 64.867049831}'),
        (1691986, 94457, 373, 714, 6, 3, '{"Biomass": 258.8053571142}'),
        (1692008, 94457, 373, 480, 6, 5, '{"Biomass": 191.6933349746}'),
        (1692025, 94457, 373, 137, 6, 5, '{"Biomass": 253.0889385377}'),
        (1692045, 94457, 373, 1164, 6, 4, '{"Biomass": 345.0738094855}'),
        (1694582, 127483, 188, 1335, 6, 1, '{"Biomass": 63.9374837794}'),
        (1694615, 127483, 188, 480, 6, 12, '{"Biomass": 460.064003939}'),
        (1699927, 34524, 188, 1335, 6, 1, '{"Biomass": 63.9374837794}'),
        (1700534, 34524, 188, 480, 6, 12, '{"Biomass": 460.064003939}'),
        (1702276, 98534, 188, 480, 6, 6, '{"Biomass": 230.0320019695}'),
        (1703051, 98534, 188, 1164, 6, 5, '{"Biomass": 431.3422618569}'),
        (1703067, 98534, 188, 55, 6, 250, '{"Biomass": 20685.2049058357}'),
        (1703954, 55776, 115, 55, 6, 50, '{"Biomass": 4137.0409811671}'),
        (1703976, 55776, 115, 463, 6, 2, '{"Biomass": 205.5480838942}'),
        (1704161, 55776, 115, 2212, 6, 1, '{"Biomass": 106.4626566918}'),
        (1704180, 55776, 115, 137, 6, 3, '{"Biomass": 151.8533631226}'),
        (1705068, 6980, 373, 1335, 6, 1, '{"Biomass": 63.9374837794}'),
        (1705327, 6978, 115, 1335, 6, 1, '{"Biomass": 63.9374837794}'),
        (1711076, 7153, 366, 479, 6, 3, '{"Biomass": 405.3835602149}'),
        (1711078, 7153, 366, 1335, 6, 1, '{"Biomass": 63.9374837794}'),
        (1711107, 7153, 366, 587, 6, 1, '{"Biomass": 87.2095627609}'),
        (1711157, 7153, 366, 480, 6, 2, '{"Biomass": 76.6773339898}'),
        (1717883, 83540, 208, 1335, 6, 2, '{"Biomass": 127.8749675587}'),
        (1720768, 83542, 419, 480, 6, 2, '{"Biomass": 76.6773339898}'),
        (1720820, 83542, 419, 55, 6, 150, '{"Biomass": 12411.1229435014}'),
        (1720840, 83542, 419, 557, 6, 3, '{"Biomass": 91.4771922412}'),
        (1721022, 83542, 419, 135, 6, 200, '{"Biomass": 9382.5}'),
        (1721075, 83542, 419, 587, 6, 2, '{"Biomass": 174.4191255218}'),
        (1722219, 94458, 373, 480, 6, 5, '{"Biomass": 191.6933349746}'),
        (1722229, 94458, 373, 714, 6, 5, '{"Biomass": 431.3422618569}'),
        (1722233, 94458, 373, 485, 6, 10, '{"Biomass": 372.2227125144}'),
        (1722321, 94458, 373, 1164, 6, 2, '{"Biomass": 172.5369047428}'),
        (1722344, 94458, 373, 137, 6, 5, '{"Biomass": 253.0889385377}'),
        (1722351, 94458, 373, 186, 6, 10, '{"Biomass": 138.7718526864}'),
        (1766798, 127481, 188, 480, 6, 3, '{"Biomass": 115.0160009848}'),
        (1775183, 56112, 425, 2290, 6, 1, '{"Biomass": 38.3386669949}'),
        (1782999, 56112, 425, 485, 6, 1, '{"Biomass": 37.2222712514}'),
        (1786650, 34524, 188, 480, 7, 4, '{"Biomass": 262.066001341}'),
        (1790312, 127483, 188, 480, 7, 6, '{"Biomass": 393.0990020115}'),
        (1790645, 127483, 188, 1335, 7, 1, '{"Biomass": 112.8660912188}'),
        (1792007, 56112, 425, 1335, 7, 1, '{"Biomass": 112.8660912188}'),
        (1792024, 56112, 425, 1577, 7, 1, '{"Biomass": 151.7120744881}'),
        (1792662, 56111, 97, 55, 7, 15, '{"Biomass": 2286.3748445671}'),
        (1792685, 56111, 97, 468, 7, 15, '{"Biomass": 949.5635636146}'),
        (1792739, 56111, 97, 1335, 7, 1, '{"Biomass": 112.8660912188}'),
        (1792749, 34520, 188, 480, 7, 6, '{"Biomass": 393.0990020115}'),
        (1793063, 34520, 188, 587, 7, 2, '{"Biomass": 299.9162168546}'),
        (1793429, 56111, 97, 480, 7, 3, '{"Biomass": 196.5495010057}'),
        (1793479, 34520, 188, 876, 7, 2, '{"Biomass": 354.1524665665}'),
        (1794071, 83545, 419, 1335, 7, 5, '{"Biomass": 564.3304560942}'),
        (1797717, 98534, 188, 55, 7, 220, '{"Biomass": 33533.4977203182}'),
        (1797956, 98534, 188, 1335, 7, 1, '{"Biomass": 112.8660912188}'),
        (1798038, 98534, 188, 480, 7, 4, '{"Biomass": 262.066001341}'),
        (1799607, 98532, 148, 480, 7, 15, '{"Biomass": 982.7475050287}'),
        (1800272, 98532, 148, 587, 7, 1, '{"Biomass": 149.9581084273}'),
        (1800273, 98532, 148, 1335, 7, 1, '{"Biomass": 112.8660912188}'),
        (1800279, 98532, 148, 55, 7, 300, '{"Biomass": 45727.496891343}'),
        (1800525, 83541, 208, 480, 7, 1, '{"Biomass": 65.5165003352}'),
        (1800556, 83541, 208, 1335, 7, 3, '{"Biomass": 338.5982736565}'),
        (1800558, 83541, 208, 1569, 7, 1, '{"Biomass": 121.3767520855}'),
        (1800565, 83541, 208, 884, 7, 1, '{"Biomass": 90.3918969263}'),
        (1804465, 6982, 115, 2212, 7, 1, '{"Biomass": 182.8972761704}'),
        (1807734, 7158, 366, 1335, 7, 1, '{"Biomass": 112.8660912188}'),
        (1807739, 7158, 366, 1186, 7, 1, '{"Biomass": 91.1072266195}'),
        (1810842, 127481, 188, 1335, 7, 1, '{"Biomass": 112.8660912188}'),
        (1811003, 127481, 188, 557, 7, 1, '{"Biomass": 53.0958920741}'),
        (1811379, 94456, 373, 1335, 7, 1, '{"Biomass": 112.8660912188}'),
        (1812440, 6979, 373, 884, 7, 1, '{"Biomass": 90.3918969263}'),
        (1812656, 55772, 115, 557, 7, 3, '{"Biomass": 159.2876762222}'),
        (1815561, 83542, 419, 557, 7, 2, '{"Biomass": 106.1917841482}'),
        (1815607, 83542, 419, 480, 7, 1, '{"Biomass": 65.5165003352}'),
        (1815660, 83542, 419, 479, 7, 4, '{"Biomass": 999.1844537891}'),
        (1815670, 83542, 419, 580, 7, 2, '{"Biomass": 300.5141165092}'),
        (1815672, 83542, 419, 1335, 7, 3, '{"Biomass": 338.5982736565}'),
        (1818589, 55776, 115, 479, 7, 2, '{"Biomass": 499.5922268946}'),
        (1821219, 83540, 208, 1335, 7, 1, '{"Biomass": 112.8660912188}'),
        (1828436, 7153, 366, 480, 7, 2, '{"Biomass": 131.0330006705}'),
        (1828628, 7153, 366, 1577, 7, 1, '{"Biomass": 151.7120744881}'),
        (1828671, 7153, 366, 479, 7, 1, '{"Biomass": 249.7961134473}'),
        (1828673, 7153, 366, 1335, 7, 1, '{"Biomass": 112.8660912188}'),
        (1828686, 7153, 366, 468, 7, 2, '{"Biomass": 126.6084751486}'),
        (1829350, 6980, 373, 1335, 7, 1, '{"Biomass": 112.8660912188}'),
        (1829396, 7154, 421, 158, 7, 2, '{"Biomass": 427.8094914456}'),
        (1829538, 6978, 115, 1335, 7, 1, '{"Biomass": 112.8660912188}'),
        (1901364, 7155, 421, 480, 7, 2, '{"Biomass": 131.0330006705}'),
        (1903531, 7155, 421, 158, 7, 1, '{"Biomass": 213.9047457228}'),
        (1907143, 34525, 187, 1915, 82, 2, '{}'),
        (1908177, 34524, 188, 2212, 8, 3, '{"Biomass": 1180.2990862203}'),
        (1913088, 34520, 188, 480, 8, 2, '{"Biomass": 279.7652994039}'),
        (1913577, 34520, 188, 1335, 8, 1, '{"Biomass": 252.3059499187}'),
        (1913649, 34520, 188, 1577, 8, 1, '{"Biomass": 326.1816749419}'),
        (1916565, 94458, 373, 480, 8, 5, '{"Biomass": 699.4132485097}'),
        (1916620, 94458, 373, 1577, 8, 1, '{"Biomass": 326.1816749419}'),
        (1916630, 94458, 373, 1335, 8, 1, '{"Biomass": 252.3059499187}'),
        (1917048, 7157, 421, 1111, 8, 1, '{"Biomass": 393.4330287401}'),
        (1926457, 56112, 425, 468, 8, 250, '{"Biomass": 35543.017891812}'),
        (1926458, 56112, 425, 884, 8, 1, '{"Biomass": 195.5000310026}'),
        (1926459, 56112, 425, 479, 8, 7, '{"Biomass": 4172.5815041093}'),
        (1928232, 6982, 115, 468, 8, 200, '{"Biomass": 28434.4143134496}'),
        (1928235, 6982, 115, 1007, 8, 40, '{"Biomass": 11290.1086262268}'),
        (1928239, 6982, 115, 1111, 8, 1, '{"Biomass": 393.4330287401}'),
        (1929839, 94455, 373, 1335, 8, 1, '{"Biomass": 252.3059499187}'),
        (1930246, 55772, 115, 1186, 8, 1, '{"Biomass": 198.5633239002}'),
        (1932593, 83541, 208, 1186, 8, 1, '{"Biomass": 198.5633239002}'),
        (1932616, 83541, 208, 468, 8, 45, '{"Biomass": 6397.7432205262}'),
        (1933370, 98532, 148, 55, 8, 300, '{"Biomass": 108584.7799677131}'),
        (1933381, 98532, 148, 1577, 8, 1, '{"Biomass": 326.1816749419}'),
        (1933385, 98532, 148, 1335, 8, 1, '{"Biomass": 252.3059499187}'),
        (1948027, 6978, 115, 973, 8, 1, '{"Biomass": 11.2573497275}'),
        (1948103, 56113, 97, 1335, 8, 1, '{"Biomass": 252.3059499187}'),
        (1948402, 98530, 148, 1186, 8, 1, '{"Biomass": 198.5633239002}'),
        (1952942, 34525, 187, 1186, 8, 1, '{"Biomass": 198.5633239002}'),
        (2000604, 7155, 421, 468, 8, 10, '{"Biomass": 1421.7207156725}'),
        (2000607, 7155, 421, 1007, 8, 40, '{"Biomass": 11290.1086262268}'),
        (2003362, 55776, 115, 479, 8, 2, '{"Biomass": 1192.1661440312}'),
        (2003524, 55776, 115, 1119, 8, 2, '{"Biomass": 737.2381557217}'),
        (2004015, 94457, 373, 480, 8, 5, '{"Biomass": 699.4132485097}'),
        (2004438, 56111, 97, 1335, 8, 2, '{"Biomass": 504.6118998374}'),
        (2004687, 83542, 419, 1335, 8, 2, '{"Biomass": 504.6118998374}'),
        (2004697, 83542, 419, 2209, 8, 3, '{"Biomass": 1180.2990862203}'),
        (2004721, 83542, 419, 557, 8, 1, '{"Biomass": 116.4176083713}'),
        (2004972, 56111, 97, 468, 8, 15, '{"Biomass": 2132.5810735087}'),
        (2005337, 127483, 188, 1577, 8, 1, '{"Biomass": 326.1816749419}'),
        (2005513, 56111, 97, 479, 8, 2, '{"Biomass": 1192.1661440312}'),
        (2005526, 56111, 97, 55, 8, 15, '{"Biomass": 5429.2389983857}'),
        (2006386, 98534, 188, 480, 8, 4, '{"Biomass": 559.5305988078}'),
        (2006450, 98534, 188, 479, 8, 2, '{"Biomass": 1192.1661440312}'),
        (2006794, 98534, 188, 577, 8, 2, '{"Biomass": 906.3223696763}'),
        (2006817, 98534, 188, 1335, 8, 1, '{"Biomass": 252.3059499187}'),
        (2006898, 7153, 366, 468, 8, 8, '{"Biomass": 1137.376572538}'),
        (2007275, 7153, 366, 1119, 8, 10, '{"Biomass": 3686.1907786084}'),
        (2008076, 83542, 419, 158, 9, 1, '{"Biomass": 794.9141886103}'),
        (2008278, 83542, 419, 1569, 9, 1, '{"Biomass": 411.9293523431}'),
        (2008397, 83542, 419, 468, 9, 50, '{"Biomass": 11023.6664160153}'),
        (2008857, 7153, 366, 1119, 9, 5, '{"Biomass": 2616.6046610847}'),
        (2009065, 7153, 366, 1007, 9, 20, '{"Biomass": 8685.7289954846}'),
        (2010893, 55776, 115, 4094, 9, 20, '{"Biomass": 8685.7289954846}'),
        (2010924, 55776, 115, 2441, 9, 1, '{"Biomass": 344.9883820092}'),
        (2011121, 55776, 115, 914, 9, 2, '{"Biomass": 399.7024258251}'),
        (2011129, 55776, 115, 1119, 9, 4, '{"Biomass": 2093.2837288678}'),
        (2011142, 55776, 115, 468, 9, 6, '{"Biomass": 1322.8399699218}'),
        (2011610, 98530, 148, 973, 9, 1, '{"Biomass": 17.7505008269}'),
        (2012129, 56110, 425, 1335, 9, 1, '{"Biomass": 390.2790501889}'),
        (2012992, 83541, 208, 1119, 9, 30, '{"Biomass": 15699.6279665084}'),
        (2013153, 83541, 208, 557, 9, 1, '{"Biomass": 178.2001251774}'),
        (2013530, 98532, 148, 1119, 9, 20, '{"Biomass": 10466.4186443389}'),
        (2013531, 98532, 148, 1007, 9, 132, '{"Biomass": 57325.8113701987}'),
        (2013558, 98532, 148, 480, 9, 5, '{"Biomass": 1055.2684703693}'),
        (2013573, 98532, 148, 884, 9, 2, '{"Biomass": 594.0799258449}'),
        (2013853, 127480, 187, 1186, 9, 1, '{"Biomass": 302.950879842}'),
        (2016001, 55772, 115, 1186, 9, 1, '{"Biomass": 302.950879842}'),
        (2016043, 55772, 115, 4094, 9, 2, '{"Biomass": 868.5728995485}'),
        (2028962, 127481, 188, 962, 9, 1, '{"Biomass": 298.7272540166}'),
        (2037927, 94458, 373, 1577, 9, 2, '{"Biomass": 988.0062490905}'),
        (2038008, 94458, 373, 4094, 9, 20, '{"Biomass": 8685.7289954846}'),
        (2038097, 94458, 373, 557, 9, 2, '{"Biomass": 356.4002503549}'),
        (2038251, 127483, 188, 962, 9, 2, '{"Biomass": 597.4545080332}'),
        (2038820, 127483, 188, 2209, 9, 1, '{"Biomass": 596.0223030244}'),
        (2041423, 34524, 188, 479, 9, 2, '{"Biomass": 1910.5639825838}'),
        (2043965, 34520, 188, 580, 9, 2, '{"Biomass": 1042.8753270246}'),
        (2044046, 34520, 188, 566, 9, 1, '{"Biomass": 794.9141886103}'),
        (2044047, 34520, 188, 2212, 9, 1, '{"Biomass": 596.0223030244}'),
        (2044050, 34520, 188, 2209, 9, 1, '{"Biomass": 596.0223030244}'),
        (2048708, 56111, 97, 1569, 9, 1, '{"Biomass": 411.9293523431}'),
        (2048731, 56111, 97, 2212, 9, 1, '{"Biomass": 596.0223030244}'),
        (2048754, 56111, 97, 1335, 9, 1, '{"Biomass": 390.2790501889}'),
        (2050245, 7155, 421, 1004, 9, 20, '{"Biomass": 10409.357499385}'),
        (2050250, 7155, 421, 1007, 9, 20, '{"Biomass": 8685.7289954846}'),
        (2050252, 7155, 421, 1119, 9, 10, '{"Biomass": 5233.2093221695}'),
        (2051108, 6982, 115, 1007, 9, 90, '{"Biomass": 39085.7804796809}'),
        (2051119, 6982, 115, 884, 9, 1, '{"Biomass": 297.0399629224}'),
        (2051123, 6982, 115, 468, 9, 400, '{"Biomass": 88189.3313281223}'),
        (2051126, 6982, 115, 1119, 9, 2, '{"Biomass": 1046.6418644339}'),
        (2051177, 6982, 115, 1579, 9, 600, '{"Biomass": 174509.5176252781}'),
        (2055863, 98534, 188, 1577, 9, 1, '{"Biomass": 494.0031245452}'),
        (2055875, 98534, 188, 1335, 9, 1, '{"Biomass": 390.2790501889}'),
        (2055915, 98534, 188, 479, 9, 1, '{"Biomass": 955.2819912919}'),
        (2055928, 98534, 188, 884, 9, 1, '{"Biomass": 297.0399629224}'),
        (2056016, 98534, 188, 1579, 9, 8, '{"Biomass": 2326.793568337}'),
        (2072242, 6979, 373, 468, 9, 30, '{"Biomass": 6614.1998496092}'),
        (2072295, 56112, 425, 468, 9, 250, '{"Biomass": 55118.3320800764}'),
        (2072304, 56112, 425, 1579, 9, 500, '{"Biomass": 145424.5980210651}'),
        (2072506, 6979, 373, 884, 9, 1, '{"Biomass": 297.0399629224}'),
        (2082465, 127483, 188, 864, 10, 2, '{"Biomass": 1556.9997871641}'),
        (2083043, 127483, 188, 4094, 10, 15, '{"Biomass": 9603.0296829542}'),
        (2083490, 98532, 148, 1084, 10, 1, '{"Biomass": 404.7346414743}'),
        (2083934, 98532, 148, 1007, 10, 40, '{"Biomass": 25608.0791545444}'),
        (2084151, 98534, 188, 1119, 10, 8, '{"Biomass": 5740.1603231996}'),
        (2084152, 98534, 188, 1579, 10, 35, '{"Biomass": 14716.0797513574}'),
        (2084158, 98534, 188, 884, 10, 1, '{"Biomass": 432.9414068538}'),
        (2084210, 98532, 148, 1119, 10, 15, '{"Biomass": 10762.8006059993}'),
        (2084941, 55772, 115, 4094, 10, 6, '{"Biomass": 3841.2118731817}'),
        (2086945, 83540, 208, 158, 10, 1, '{"Biomass": 1204.6164150476}'),
        (2087373, 83542, 419, 580, 10, 1, '{"Biomass": 773.2427440075}'),
        (2087567, 83542, 419, 1186, 10, 1, '{"Biomass": 443.2127060031}'),
        (2087583, 83542, 419, 1004, 10, 10, '{"Biomass": 7649.2865567816}'),
        (2088925, 94458, 373, 4094, 10, 100, '{"Biomass": 64020.1978863611}'),
        (2089071, 94458, 373, 1008, 10, 10, '{"Biomass": 5176.6219092118}'),
        (2089080, 94458, 373, 2209, 10, 1, '{"Biomass": 866.417546058}'),
        (2089405, 94458, 373, 962, 10, 2, '{"Biomass": 874.4308366162}'),
        (2093423, 94457, 373, 4094, 10, 50, '{"Biomass": 32010.0989431805}'),
        (2094114, 56111, 97, 1579, 10, 250, '{"Biomass": 105114.8553668387}'),
        (2094148, 56111, 97, 1004, 10, 100, '{"Biomass": 76492.8655678157}'),
        (2094789, 56111, 97, 1007, 10, 50, '{"Biomass": 32010.0989431805}'),
        (2099944, 83545, 419, 158, 10, 1, '{"Biomass": 1204.6164150476}'),
        (2100952, 83541, 208, 48, 10, 40, '{"Biomass": 25795.474049186}'),
        (2100969, 83541, 208, 807, 10, 1, '{"Biomass": 301.8918941062}'),
        (2101026, 83541, 208, 1119, 10, 45, '{"Biomass": 32288.4018179979}'),
        (2103998, 6982, 115, 1004, 10, 4, '{"Biomass": 3059.7146227126}'),
        (2104025, 6982, 115, 1579, 10, 500, '{"Biomass": 210229.7107336773}'),
        (2104053, 6982, 115, 1119, 10, 7, '{"Biomass": 5022.6402827997}'),
        (2104063, 6982, 115, 468, 10, 400, '{"Biomass": 130924.871109546}'),
        (2104092, 6982, 115, 1007, 10, 104, '{"Biomass": 66581.0058018155}'),
        (2110266, 34520, 188, 864, 10, 1, '{"Biomass": 778.4998935821}'),
        (2110420, 34520, 188, 4094, 10, 25, '{"Biomass": 16005.0494715903}'),
        (2112869, 34525, 187, 158, 10, 1, '{"Biomass": 1204.6164150476}'),
        (2118910, 34524, 188, 4094, 10, 22, '{"Biomass": 14084.4435349994}'),
        (2122225, 7153, 366, 1119, 10, 5, '{"Biomass": 3587.6002019998}'),
        (2122228, 7153, 366, 459, 10, 1, '{"Biomass": 286.6361172247}'),
        (2122318, 7153, 366, 1007, 10, 15, '{"Biomass": 9603.0296829542}'),
        (2124346, 56112, 425, 1579, 10, 500, '{"Biomass": 210229.7107336773}'),
        (2124386, 56112, 425, 1119, 10, 10, '{"Biomass": 7175.2004039995}'),
        (2125687, 56113, 97, 158, 10, 1, '{"Biomass": 1204.6164150476}'),
        (2128468, 55776, 115, 468, 10, 2, '{"Biomass": 654.6243555477}'),
        (2128551, 55776, 115, 914, 10, 1, '{"Biomass": 289.7125191449}'),
        (2128575, 55776, 115, 1119, 10, 10, '{"Biomass": 7175.2004039995}'),
        (2128700, 55776, 115, 4094, 10, 30, '{"Biomass": 19206.0593659083}'),
        (2132334, 6979, 373, 1007, 10, 100, '{"Biomass": 64020.1978863611}'),
        (2132555, 127481, 188, 4094, 10, 35, '{"Biomass": 22407.0692602264}'),
        (2133186, 34520, 188, 787, 11, 1, '{"Biomass": 605.4564925292}'),
        (2133281, 34520, 188, 864, 11, 1, '{"Biomass": 1086.7353500525}'),
        (2134769, 34520, 188, 4094, 11, 15, '{"Biomass": 13431.5266496024}'),
        (2136178, 127483, 188, 4094, 11, 15, '{"Biomass": 13431.5266496024}'),
        (2136247, 127483, 188, 787, 11, 1, '{"Biomass": 605.4564925292}'),
        (2136252, 127483, 188, 864, 11, 3, '{"Biomass": 3260.2060501574}'),
        (2140612, 94458, 373, 4094, 11, 100, '{"Biomass": 89543.5109973493}'),
        (2140872, 56112, 425, 1119, 11, 10, '{"Biomass": 9426.2428940372}'),
        (2140884, 56112, 425, 1007, 11, 150, '{"Biomass": 134315.266496024}'),
        (2140958, 56112, 425, 1004, 11, 150, '{"Biomass": 160063.9278169633}'),
        (2144190, 98534, 188, 1579, 11, 25, '{"Biomass": 14455.9173372017}'),
        (2144352, 34524, 188, 864, 11, 1, '{"Biomass": 1086.7353500525}'),
        (2144356, 34524, 188, 4094, 11, 8, '{"Biomass": 7163.4808797879}'),
        (2144796, 98534, 188, 914, 11, 1, '{"Biomass": 399.3833873143}'),
        (2144798, 98534, 188, 1119, 11, 8, '{"Biomass": 7540.9943152298}'),
        (2144850, 98534, 188, 884, 11, 1, '{"Biomass": 599.63487077}'),
        (2145589, 98534, 188, 1007, 11, 14, '{"Biomass": 12536.0915396289}'),
        (2145656, 127479, 187, 787, 11, 1, '{"Biomass": 605.4564925292}'),
        (2146829, 83541, 208, 884, 11, 1, '{"Biomass": 599.63487077}'),
        (2146891, 83541, 208, 48, 11, 50, '{"Biomass": 44981.5903915108}'),
        (2146913, 83541, 208, 1007, 11, 15, '{"Biomass": 13431.5266496024}'),
        (2148233, 98532, 148, 1007, 11, 20, '{"Biomass": 17908.7021994699}'),
        (2148258, 98532, 148, 1119, 11, 10, '{"Biomass": 9426.2428940372}'),
        (2148270, 98532, 148, 468, 11, 25, '{"Biomass": 11515.1484629496}'),
        (2148588, 6982, 115, 1007, 11, 120, '{"Biomass": 107452.2131968192}'),
        (2149490, 6982, 115, 1119, 11, 12, '{"Biomass": 11311.4914728447}'),
        (2152361, 83542, 419, 1004, 11, 10, '{"Biomass": 10670.9285211309}'),
        (2152376, 83542, 419, 1007, 11, 5, '{"Biomass": 4477.1755498675}'),
        (2153503, 55776, 115, 1119, 11, 3, '{"Biomass": 2827.8728682112}'),
        (2153596, 55776, 115, 4094, 11, 25, '{"Biomass": 22385.8777493373}'),
        (2154901, 6979, 373, 1579, 11, 100, '{"Biomass": 57823.669348807}'),
        (2154910, 6979, 373, 1007, 11, 100, '{"Biomass": 89543.5109973493}'),
        (2154999, 127481, 188, 4094, 11, 55, '{"Biomass": 49248.9310485421}'),
        (2155008, 127481, 188, 787, 11, 1, '{"Biomass": 605.4564925292}'),
        (2155060, 127481, 188, 864, 11, 2, '{"Biomass": 2173.470700105}'),
        (2155569, 7153, 366, 1119, 11, 5, '{"Biomass": 4713.1214470186}'),
        (2155636, 7153, 366, 1007, 11, 15, '{"Biomass": 13431.5266496024}'),
        (2156437, 55772, 115, 884, 11, 1, '{"Biomass": 599.63487077}'),
        (2156458, 55772, 115, 4094, 11, 2, '{"Biomass": 1790.870219947}'),
        (2156762, 94457, 373, 1008, 11, 10, '{"Biomass": 7207.3540414543}'),
        (2156779, 94457, 373, 4094, 11, 20, '{"Biomass": 17908.7021994699}'),
        (2157901, 56111, 97, 1007, 11, 100, '{"Biomass": 89543.5109973493}'),
        (2158048, 56111, 97, 884, 11, 1, '{"Biomass": 599.63487077}'),
        (2163418, 56111, 97, 1004, 11, 120, '{"Biomass": 128051.1422535706}'),
        (2163445, 56111, 97, 1579, 11, 250, '{"Biomass": 144559.1733720174}'),
        (2166167, 7153, 366, 1119, 12, 2, '{"Biomass": 2299.7064466543}'),
        (2166989, 7153, 366, 1007, 12, 15, '{"Biomass": 17149.3363863492}'),
        (2167391, 34520, 188, 864, 12, 1, '{"Biomass": 1385.5600116904}'),
        (2167427, 34520, 188, 528, 12, 4, '{"Biomass": 2023.487903728}'),
        (2170549, 127481, 188, 864, 12, 1, '{"Biomass": 1385.5600116904}'),
        (2171700, 6979, 373, 1579, 12, 100, '{"Biomass": 72926.4884243783}'),
        (2171703, 6979, 373, 787, 12, 1, '{"Biomass": 768.5978705796}'),
        (2171819, 56112, 425, 1119, 12, 10, '{"Biomass": 11498.5322332713}'),
        (2171838, 6979, 373, 1007, 12, 150, '{"Biomass": 171493.3638634921}'),
        (2176304, 127479, 187, 973, 12, 1, '{"Biomass": 49.372300589}'),
        (2176383, 83541, 208, 1007, 12, 5, '{"Biomass": 5716.4454621164}'),
        (2176389, 83541, 208, 48, 12, 20, '{"Biomass": 22929.2339827115}'),
        (2176681, 98534, 188, 2146, 12, 2, '{"Biomass": 845.7722573579}'),
        (2176728, 98534, 188, 1119, 12, 5, '{"Biomass": 5749.2661166356}'),
        (2176759, 98534, 188, 1007, 12, 12, '{"Biomass": 13719.4691090794}'),
        (2176776, 98532, 148, 914, 12, 1, '{"Biomass": 504.5775346132}'),
        (2178706, 56111, 97, 1004, 12, 110, '{"Biomass": 149585.5505655789}'),
        (2178739, 56111, 97, 1119, 12, 5, '{"Biomass": 5749.2661166356}'),
        (2178745, 56111, 97, 1007, 12, 100, '{"Biomass": 114328.9092423281}'),
        (2182439, 83542, 419, 1004, 12, 10, '{"Biomass": 13598.6864150526}'),
        (2182462, 83542, 419, 1007, 12, 5, '{"Biomass": 5716.4454621164}'),
        (2182488, 83542, 419, 459, 12, 1, '{"Biomass": 526.3507514267}'),
        (2182505, 83542, 419, 1119, 12, 15, '{"Biomass": 17247.7983499069}'),
        (2183235, 7157, 421, 1230, 13, 1, '{"Biomass": 102.9612901001}'),
        (2183956, 55776, 115, 412, 13, 3, '{"Biomass": 3639.6254189601}'),
        (2185218, 83542, 419, 884, 13, 1, '{"Biomass": 1493.1489787102}'),
        (2185410, 83542, 419, 1119, 13, 20, '{"Biomass": 40485.0041656279}'),
        (2185635, 7155, 421, 528, 13, 1, '{"Biomass": 961.8596347021}'),
        (2185637, 7155, 421, 2147, 13, 2, '{"Biomass": 2674.1770754558}'),
        (2186273, 55776, 115, 150, 13, 1, '{"Biomass": 1433.7934679293}'),
        (2186291, 55776, 115, 1370, 13, 1, '{"Biomass": 2154.9734337692}'),
        (2187865, 98532, 148, 1119, 13, 2, '{"Biomass": 4048.5004165628}'),
        (2188299, 98534, 188, 2146, 13, 1, '{"Biomass": 865.3152200521}'),
        (2188643, 56108, 97, 1230, 13, 1, '{"Biomass": 102.9612901001}'),
        (2188645, 56108, 97, 412, 13, 1, '{"Biomass": 1213.2084729867}'),
        (2191165, 56111, 97, 1004, 13, 20, '{"Biomass": 54224.7182671515}'),
        (2191590, 56111, 97, 1119, 13, 5, '{"Biomass": 10121.251041407}'),
        (2191819, 56111, 97, 1007, 13, 50, '{"Biomass": 114591.0282247995}'),
        (2193999, 6979, 373, 1119, 14, 3, '{"Biomass": 10618.1319982179}'),
        (2195119, 7155, 421, 2146, 14, 1, '{"Biomass": 1755.4120847448}'),
        (2195548, 55776, 115, 528, 14, 1, '{"Biomass": 1814.7662193474}'),
        (2195693, 55776, 115, 412, 14, 2, '{"Biomass": 4766.6704754501}'),
        (2196601, 55776, 115, 528, 15, 1, '{"Biomass": 3061.1225258362}'),
        (2197675, 56112, 425, 2147, 15, 4, '{"Biomass": 18136.6688900948}'),
        (2198197, 56112, 425, 2147, 16, 4, '{"Biomass": 28786.9308598102}'),
        (2198220, 34522, 188, 5778, 16, 1, '{}'),
        (2198391, 56108, 97, 2147, 16, 4, '{"Biomass": 28786.9308598102}'),
        (2198892, 98534, 188, 2157, 16, 1, '{"Biomass": 8848.1916067679}'),
        (2199198, 98534, 188, 848, 17, 1, '{"Biomass": 10659.3732928}'),
        (2199338, 56112, 425, 674, 17, 2, '{"Biomass": 940.5329376}'),
        (2199530, 7157, 421, 848, 17, 20, '{"Biomass": 213187.4658560001}'),
        (2201159, 56112, 425, 528, 19, 1, '{"Biomass": 13136.2089434089}'),
        (2201425, 34524, 188, 848, 19, 1, '{"Biomass": 20846.1966472}'),
        (2201702, 6982, 115, 848, 19, 3, '{"Biomass": 62538.5899416}'),
        (2201705, 6982, 115, 528, 19, 1, '{"Biomass": 13136.2089434089}'),
        (2202166, 6982, 115, 848, 20, 1, '{"Biomass": 27726.6033152}'),
        (2202633, 83543, 208, 848, 21, 15, '{"Biomass": 540802.1852160009}'),
        (2202856, 56108, 425, 848, 21, 1, '{"Biomass": 36053.4790144001}');